display_name,part,n_parts,page,segments,file,n_points,n_drawn,n_inlets,n_sags,n_served,n_unserved,length_m,kb
Isabel Avenue,1,3,Isabel Avenue 1 of 3,2858 2860 2875 2887 2889 2890 2897 2908 3688 3722 2920 2923 3119 3408 3410 2904 2905 2906 2930,Isabel_Avenue_1_of_3.html,54419,54419,266,11,7,4,8148.5,2607.5
Isabel Avenue,2,3,Isabel Avenue 2 of 3,2857 2859 2876 2885 2886 2900 2901 2907 3687,Isabel_Avenue_2_of_3.html,39637,39637,195,8,6,2,5934.8,1915.4
Hansen Road,1,4,Hansen Road 1 of 4,4509 4511 4514 4518 4520 4522 5285 5291 5294 5297 5386 5390 5391 5393 5394 5400 5295 5299 4494 4495,Hansen_Road_1_of_4.html,17919,17919,136,2,2,0,2749.7,832.4
Concannon Boulevard,1,2,Concannon Boulevard 1 of 2,2863 2878 3608 3661 3676 3743 3768 3837 3860 3870 3900 4367 4372 4425 4453 4597 4624 5169 5212 5253 5319 5329 5374 5426 6252 6494 6510 6513 6526 6527 6528,Concannon_Boulevard_1_of_2.html,37666,37666,108,8,7,1,5655.6,1648.7
Vineyard Avenue,1,1,Vineyard Avenue,2565 2569 2590 2641 2672 2681 2722 2855 2861 2881 1435 1436 1463 1464 1483 1484 1498 1499 1516 1517 1533 1534 2326 2327 2340 2349 2350 2357 2358 2574 2575,Vineyard_Avenue.html,41813,41813,88,10,9,1,6279.5,1844.6
Concannon Boulevard,2,2,Concannon Boulevard 2 of 2,2864 2877 3607 3662 3675 3742 3769 3836 3858 3871 3872 3899 4368 4373 4426 4454 4598 4625 5168 5213 5232 5249 5320 5330 5375 5427,Concannon_Boulevard_2_of_2.html,29777,29777,82,4,4,0,4473.4,1279.4
Stoneridge Drive,1,2,Stoneridge Drive 1 of 2,19 164 559 654 992 1024 1031 1074 1124 1224 1419 1537 1558 1564 1565 1826 2153,Stoneridge_Drive_1_of_2.html,24569,24569,76,12,9,3,3688.8,1221.9
West Las Positas Boulevard,1,2,West Las Positas Boulevard 1 of 2,15 72 97 100 163 170 539 619 633 732 987 1003 1004 1012 1065 1077 1129 1146 1196 1201 1210 1828 2147 2169 2181 2239 2248 1768 1769 1770 1820 1866 1872,West_Las_Positas_Boulevard_1_of_2.html,20990,20990,75,10,9,1,3148.1,995.4
Stoneridge Drive,2,2,Stoneridge Drive 2 of 2,14 92 157 558 617 646 720 991 1030 1076 1137 1183 1418 1420 1538 1556 1563 1566 1827 2154,Stoneridge_Drive_2_of_2.html,24482,24482,75,11,8,3,3675.1,1206.3
Portola Avenue,1,4,Portola Avenue 1 of 4,3062 3068 3121 3133 3139 3154 4209 4211 4214 4216 4218 4224 4227 4267 4274 4282 4742 4757 4761 4791 4799 4809 4985 5020 4093 4207,Portola_Avenue_1_of_4.html,25571,25571,68,4,1,3,3835.9,1219.7
West Ruby Hill Drive,1,1,West Ruby Hill Drive,2719 2721 2724 2725 2726 2729 2733 2757 2764 2768 2770 2771 2781 2804 2826 2835 2840,West_Ruby_Hill_Drive.html,28372,28372,68,1,0,1,4253.4,1300.2
Heligan Lane,1,1,Heligan Lane,3044 3064 3066 3073 3077 3091 3094 3096 3098 3101 3104 3113 3131 3144,Heligan_Lane.html,5397,5397,67,0,0,0,809.4,286.0
Patterson Pass Road,2,2,Patterson Pass Road 2 of 2,6618 6625 6622 6684 6674 6778 6821 6859 6847 6870 7212 7222 7245 7339 7401 7596 7601,Patterson_Pass_Road_2_of_2.html,27976,27976,66,8,7,1,4201.6,1242.3
Streamside Circle,1,5,Streamside Circle 1 of 5,1539 1545 1549 1645 1718 1647 1719,Streamside_Circle_1_of_5.html,7349,7349,66,4,4,0,1101.3,378.9
Arthur H. Breed Junior Freeway,1,2,Arthur H. Breed Junior Freeway 1 of 2,2 534 916 1247 1572 1980 2371 2634 2692 2921 2949 3383 4092 4804 5574 6647 7649 7658 7701 7848 7975 8045,Arthur_H_Breed_Junior_Freeway_1_of_2.html,141404,141404,65,14,2,12,21256.0,6794.9
Santa Rita Road,1,5,Santa Rita Road 1 of 5,735 748 749 750 751 982 1016 1022 1027 1029 1033 1049 1053 1054 1056 1105 1107 1190 1197 1198 1199 1202 702 704 711 1098 1112,Santa_Rita_Road_1_of_5.html,25563,25563,65,11,8,3,3825.8,1222.0
Patterson Pass Road,1,2,Patterson Pass Road 1 of 2,7641 7618 7600 7597 7402 7337 7244 7224 7211 6868 6848 6860 6822 6779 6675 6683 6631 6626,Patterson_Pass_Road_1_of_2.html,52221,52221,65,8,6,2,7844.5,2256.4
West Jack London Boulevard,1,3,West Jack London Boulevard 1 of 3,2683 1430 2369 2463 2466 2935 2959 2970,West_Jack_London_Boulevard_1_of_3.html,27028,27028,64,5,3,2,4060.7,1422.2
First Street,2,5,First Street 2 of 5,6153 6159 6277 6590 6591 6596 6646 5588 5663 5739 5750 5822 5827 6308 6318 6329 6331 6397 6405 6373 6382,First_Street_2_of_5.html,20936,20936,63,5,2,3,3332.0,1042.7
Tranquility Circle,1,3,Tranquility Circle 1 of 3,3138 3150 3152 3170 4024,Tranquility_Circle_1_of_3.html,6573,6573,62,1,1,0,985.4,347.9
Santa Rita Road,2,5,Santa Rita Road 2 of 5,712 736 752 753 754 983 994 1018 1019 1023 1025 1032 1050 1055 1099 1104 1106 1108 1114 1116 677 698 701 708,Santa_Rita_Road_2_of_5.html,25011,25011,62,9,6,3,3743.5,1187.4
East Ruby Hill Drive,1,1,East Ruby Hill Drive,2784 2787 2789 2790 2837 2839 2847 2849 2879 3685 3692 3693 3695 3697 3709 3711 3714 3716 3719,East_Ruby_Hill_Drive.html,19691,19691,61,1,1,0,2950.3,928.6
Dennis Drive,1,1,Dennis Drive,1542 1723 1730 1739 1751 1753 1759 1762 1766 1776 1808 1813 1816 1822 1825 2156 2158 2172 2185 2186 2229 2236 2244 2245 2250,Dennis_Drive.html,7458,7458,60,5,5,0,1116.9,373.4
North Mines Road,1,4,North Mines Road 1 of 4,6160 6164 6283 6584 6614 6623 6627 6691 6706 6830 6880 6881 6889 6903 6288 6301 6339 6351 5575 5578,North_Mines_Road_1_of_4.html,23387,23387,59,6,4,2,3543.1,1121.9
First Street,1,5,First Street 1 of 5,6150 6161 6278 6594 6597 6645 6648 5589 5734 5749 5824 5833 4841 4944 4948 5074 5076 5093 5112 4673 4854 4871 5563 6372 6381 4707,First_Street_1_of_5.html,26088,26088,55,6,3,3,4470.9,1249.3
Stockton Loop,1,2,Stockton Loop 1 of 2,6948 6949 6950 6951 6953 6954 6956 6974 6975 6976,Stockton_Loop_1_of_2.html,5728,5728,55,1,1,0,859.0,298.8
West Las Positas Boulevard,2,2,West Las Positas Boulevard 2 of 2,16 71 96 162 171 175 540 620 630 731 986 1013 1064 1078 1122 1141 1143 1195 1200 1211 1829 2148 2170 2180 2238 2249,West_Las_Positas_Boulevard_2_of_2.html,16704,16704,53,6,5,1,2506.2,810.5
Vintage Circle,1,1,Vintage Circle,1732 2320 2322 2325,Vintage_Circle.html,4982,4982,53,3,3,0,746.0,283.6
Santorina Drive,1,1,Santorina Drive,4537 4542 4601 5264 5268 5283,Santorina_Drive.html,4078,4078,53,1,1,0,612.4,228.3
Arthur H. Breed Junior Freeway,2,2,Arthur H. Breed Junior Freeway 2 of 2,1 488 917 1248 1334 1635 2000 2625 2687 2715 2931 2947 3407 4094 5006 5573 5980 7651 7659 7732 7807 7816 7832 8004 8046,Arthur_H_Breed_Junior_Freeway_2_of_2.html,139565,139565,53,16,4,12,20978.8,6690.1
Southfront Road,1,4,Southfront Road 1 of 4,7808 7814 7815 7831 7976 7978 7662 7663 7667 7668 7699 7700 7702 7704 7705 7706 7707 7708 7724 7725,Southfront_Road_1_of_4.html,22513,22513,52,2,1,1,3379.9,1026.9
Holmes Street,1,2,Holmes Street 1 of 2,4335 4337 4343 4346 4347 4353 4355 4356 4371 4407 4473 4485 4486 4488 4501 4650 4706 4713 4716 4718 4722,Holmes_Street_1_of_2.html,24257,24257,51,6,5,1,3630.3,1087.7
Forget Me Not,1,2,Forget Me Not 1 of 2,7955 7956,Forget_Me_Not_1_of_2.html,3878,3878,51,1,1,0,582.1,216.8
Holmes Street,2,2,Holmes Street 2 of 2,4339 4340 4342 4349 4351 4352 4354 4358 4374 4395 4396 4400 4402 4406 4474 4652 4653 4705 4708 4715 4719 4721,Holmes_Street_2_of_2.html,24232,24232,50,6,5,1,3626.3,1082.6
South Vasco Road,1,2,South Vasco Road 1 of 2,7236 7309 7334 7338 7341 7346 7470 7478 7479 7488 7982 7983 7987 7988 7991 7993 7994 8002 7522 7523 7530 7531 7515 7518 7490 7513,South_Vasco_Road_1_of_2.html,33712,33712,50,10,5,5,5044.0,1536.2
Charlotte Way,1,3,Charlotte Way 1 of 3,6758 6761 6766 6828 6835 6845 6875 7079 7083 7084 7085 7104 7105 7164 7165 7171 7173 7287 7042 7110 7111 6970 7022 7030 6999 7019 6965 6967 7520 7107,Charlotte_Way_1_of_3.html,21605,21605,50,9,7,2,3396.0,1003.7
Las Positas Road,2,6,Las Positas Road 2 of 6,7209 7231 7234 7235 7826 7819 7820 7825 7670 7675 7693 7696,Las_Positas_Road_2_of_6.html,24129,24129,49,5,5,0,3623.1,1078.1
Dovecote Lane,1,1,Dovecote Lane,3070 3080 3081 3082 3105,Dovecote_Lane.html,4461,4461,49,0,0,0,669.3,237.1
Selby Lane,1,1,Selby Lane,3089 3095 3106 3108 3109 3123 3125 3129 3145 3065 3072 3078 3099,Selby_Lane.html,4719,4719,49,0,0,0,754.5,253.6
Brisa Street,1,2,Brisa Street 1 of 2,7210 7225 7239 7344 7353 7359 7375 7391 7405 7408,Brisa_Street_1_of_2.html,12900,12900,48,2,2,0,1937.1,607.9
Portola Avenue,2,4,Portola Avenue 2 of 4,4212 4215 4266 4273 4281 4743 4756 4796 4821 4984 4995 5021 5049 5617 5642 5839 5844 5858 5556 5566 5599 6332 6363 6408 6417,Portola_Avenue_2_of_4.html,21609,21609,48,1,1,0,3243.1,951.8
Mohr Avenue,1,1,Mohr Avenue,13 114 149 605 1045 1057 1103 1120 1135 1158 1159 1164 1168 1177 2206 2226,Mohr_Avenue.html,14804,14804,47,3,3,0,2222.3,695.8
Las Positas Road,1,6,Las Positas Road 1 of 6,5014 5577 5623 7208 7230 7233 7237 7347 6156 6286 6295 6355 6661 6795 6861 6148 6589 6593 6599,Las_Positas_Road_1_of_6.html,36653,36653,46,12,8,4,5504.2,1635.6
Arroyo Road,3,4,Arroyo Road 3 of 4,5153 5154 5155 5157 5158 5159 5161 5162 5163 5173 5312 5313 5175 5176 5178 5181 5186 5302 5191 5306,Arroyo_Road_3_of_4.html,16629,16629,44,5,3,2,3094.7,771.2
Via Di Salerno,1,1,Via Di Salerno,2793 2795 2806 2811 2815 2816 2819 2822 2830 2833 2842 2843 2853 3694,Via_Di_Salerno.html,18797,18797,44,0,0,0,2818.3,884.0
Cowan Way,1,1,Cowan Way,7494 7504,Cowan_Way.html,4251,4251,43,1,1,0,637.0,236.8
South Vasco Road,2,2,South Vasco Road 2 of 2,7238 7308 7333 7340 7342 7345 7357 7471 7489 7980 7984 7986 7990 7992 7995 8001 8003 7516 7519,South_Vasco_Road_2_of_2.html,26992,26992,43,11,6,5,4372.0,1256.3
Martin Avenue,1,2,Martin Avenue 1 of 2,2159 2160 2161 2162 2208 2233,Martin_Avenue_1_of_2.html,7667,7667,43,1,1,0,1495.7,394.0
Scenic Avenue,1,2,Scenic Avenue 1 of 2,5901 5919 5923 5955 5956 5963 7921 8090 8093 8094 8105 8108 8109 8115 7800 7802 7850 7851 7856 7858 7880 7895 7896 7897 7902 7922 7930,Scenic_Avenue_1_of_2.html,17270,17270,41,1,1,0,2592.6,760.4
Kellogg Loop,1,2,Kellogg Loop 1 of 2,6988 6989 6991 6992 6993,Kellogg_Loop_1_of_2.html,3506,3506,40,0,0,0,525.1,197.8
Persimmon Common,1,1,Persimmon Common,3157 4011,Persimmon_Common.html,2535,2535,40,0,0,0,380.8,159.3
Silver Oaks Lane,1,1,Silver Oaks Lane,2591 2594 2595,Silver_Oaks_Lane.html,3904,3904,38,1,1,0,585.5,247.4
Vallecitos Road,1,3,Vallecitos Road 1 of 3,2660 2662 2664 2666 3700 3706 3715 3723 3725 3797 3804 3805 3720 4504,Vallecitos_Road_1_of_3.html,50976,50976,38,5,1,4,9302.8,2289.1
Stanley Boulevard,2,2,Stanley Boulevard 2 of 2,32 27 2301 2294 2285 1786 1738 1735 1733 1421 2462 2635 2636 2969,Stanley_Boulevard_2_of_2.html,38370,38370,38,9,5,4,5766.2,1909.8
Kamp Drive,1,1,Kamp Drive,47 49 50 51 52 56 57 79 80 81 108 111 127 148 68 548,Kamp_Drive.html,8666,8666,37,4,4,0,1313.7,434.9
Rivers Bend Circle,1,4,Rivers Bend Circle 1 of 4,5683 5696 5709 5778 5794 5685 5708 5779 5792,Rivers_Bend_Circle_1_of_4.html,7286,7286,37,2,2,0,1093.1,362.6
Fairlands Drive,1,2,Fairlands Drive 1 of 2,2114 2109 225 183 342 346 489 628 639 730 1087 1079 1067 981 1006 996 1000 1001 1002,Fairlands_Drive_1_of_2.html,11498,11498,36,5,5,0,1723.1,563.7
National Drive,1,1,National Drive,7404 7407 7598 7687 7689 7690 7681 7682 7685 7686,National_Drive.html,13259,13259,36,1,1,0,1990.2,630.1
Lomitas Avenue,1,1,Lomitas Avenue,4369 4398 4403 4555 4559 4562 4572 4575 4596 4623 4627 5171 5174 5210 5216 5233 5250 5252 5255,Lomitas_Avenue.html,9785,9785,35,1,1,0,1467.4,467.5
North Vasco Road,2,2,North Vasco Road 2 of 2,7914 7917 7924 7925 7936 7938 7951 8005 8007 8008 8010 8158,North_Vasco_Road_2_of_2.html,12987,12987,35,7,5,2,1942.9,643.0
Murdell Lane,1,1,Murdell Lane,3444 3445 3485 3503 3514 3565 3567 3568 3569 3570 3571 3572 3575 3578 3579 3580 3587 3588 3589 3590 3591 3592 3593 3596 3597 3598,Murdell_Lane.html,17019,17019,35,5,5,0,2544.9,756.5
Sandalwood Drive,1,1,Sandalwood Drive,3171 4010 4013,Sandalwood_Drive.html,2293,2293,34,0,0,0,344.3,147.1
Basswood Common,1,1,Basswood Common,3063 3158,Basswood_Common.html,2256,2256,34,1,1,0,338.8,151.3
Preston Avenue,1,2,Preston Avenue 1 of 2,7821 7823 7829 7830 7979 7989 7996 7997 7998,Preston_Avenue_1_of_2.html,11658,11658,34,1,1,0,1796.5,553.4
Central Avenue,1,1,Central Avenue,8019 8021 8034 8036 8037 8077 8079 8080 8081 8084,Central_Avenue.html,6679,6679,34,3,3,0,998.5,341.6
Bluebell Drive,1,2,Bluebell Drive 1 of 2,5909 5910 5911 5925 5929 5932 5944 5949 5952 5966 5972 5977 6004 6006 6011 6015 6016 6038 6098 6099 6108 6119 6120 5979 5981 5997 5998,Bluebell_Drive_1_of_2.html,18421,18421,34,5,3,2,2758.6,872.4
Garaventa Ranch Road,1,3,Garaventa Ranch Road 1 of 3,7747 7750 7870 7874 7876 7877 7879 8173 8179 8191 8162,Garaventa_Ranch_Road_1_of_3.html,7464,7464,33,2,2,0,1118.4,370.4
North Mines Road,2,4,North Mines Road 2 of 4,6158 6165 6284 6585 6610 6617 6694 6707 6765 6879 6884 6888 6890 6902,North_Mines_Road_2_of_4.html,15081,15081,33,4,2,2,2259.9,766.8
Valley Avenue,1,3,Valley Avenue 1 of 3,120 123 568 594 678 1785 1801 2200 2203 2216 2272 710 1051 1111 1113 1171,Valley_Avenue_1_of_3.html,15565,15565,32,3,3,0,2336.0,717.9
Cooper Circle,1,1,Cooper Circle,6946 6983,Cooper_Circle.html,2544,2544,32,0,0,0,381.1,152.1
Pimlico Drive,1,2,Pimlico Drive 1 of 2,208 306 312 531 2108 2115 2116 2165 2166 2167 2168 486 747,Pimlico_Drive_1_of_2.html,9978,9978,32,3,2,1,1495.5,489.1
Old Oak Road,1,1,Old Oak Road,3600 3603 3731 3733 3755 3757 3758 3761 3785 3786 3787 3790 3793,Old_Oak_Road.html,11380,11380,32,4,4,0,1707.1,542.5
Valley Avenue,2,3,Valley Avenue 2 of 3,118 131 136 142 569 593 669 709 1042 1115 1788 1802 2199 2213 2273,Valley_Avenue_2_of_3.html,15427,15427,32,3,3,0,2315.5,712.8
Robertson Park Road,1,1,Robertson Park Road,5681 6472,Robertson_Park_Road.html,12977,12977,32,2,1,1,1949.5,599.6
Vallecitos Road,2,3,Vallecitos Road 2 of 3,2661 2663 2667 3701 3702 3703 3707 3710 3721,Vallecitos_Road_2_of_3.html,39818,39818,32,5,1,4,5974.9,1782.7
Normandy Circle,1,1,Normandy Circle,5356 5357 5358 5359 5366 5439 5442 5443 5449 5451,Normandy_Circle.html,6368,6368,31,1,1,0,953.6,322.4
Southfront Road,2,4,Southfront Road 2 of 4,6665 6666 6791 8000 8044 6643,Southfront_Road_2_of_4.html,13721,13721,31,5,3,2,2059.5,666.8
Tiffany Common,1,1,Tiffany Common,7739 7740 7745 8169 8170 8171 8172 8182 8183 8184 8185 8186 8194 8195 8197 8198 8200 8202 8204 8206,Tiffany_Common.html,4183,4183,31,1,1,0,624.8,225.5
Snowdrop Circle,1,1,Snowdrop Circle,1760 1763 1772 1818 1821 2253,Snowdrop_Circle.html,2574,2574,30,1,1,0,385.5,161.7
Lexington Way,1,1,Lexington Way,4382 4383 4392 4394 4487 4489 4530 4541 4599 4613 4617 3819 3822 3827 4461 4470,Lexington_Way.html,8771,8771,30,1,1,0,1340.6,433.8
Bernal Avenue,2,3,Bernal Avenue 2 of 3,2311 2314 2318,Bernal_Avenue_2_of_3.html,4244,4244,30,3,1,2,635.3,291.2
East Avenue,1,2,East Avenue 1 of 2,5470 5484 5486 5550 5669 5721 6204 6216 6220 6246 6254 6427 6446 6542 6558 6717 6721 6729 6739 6887 6906 7444 7451 7475 7493 7558 7559 7574 7576 7577 6883 6886 7044 7124 7133 7137 7476 7481,East_Avenue_1_of_2.html,38107,38107,30,0,0,0,6043.0,1550.2
Rees Circle,1,1,Rees Circle,7017 7032,Rees_Circle.html,2576,2576,30,1,1,0,385.7,160.4
Camden Common,1,1,Camden Common,5941 5942 5975,Camden_Common.html,1929,1929,29,1,1,0,289.5,137.9
Discovery Drive,1,4,Discovery Drive 1 of 4,2882 2884 2962 2898 2902 2964 2965,Discovery_Drive_1_of_4.html,4886,4886,29,1,1,0,814.2,262.8
Flora Common,1,1,Flora Common,7948 7950 8078,Flora_Common.html,1514,1514,29,1,1,0,227.2,115.6
South Livermore Avenue,1,3,South Livermore Avenue 1 of 3,5073 5471 5490 5492 5502 5516 5520 5547 5548 5675 5718 5727 5752 5755 5764 5816 5829 5832 6207 6462 6467 6487,South_Livermore_Avenue_1_of_3.html,20732,20732,29,0,0,0,3109.4,935.7
Staghorn Way,1,1,Staghorn Way,7036 7037 7038 7040 7041 7046 7047 7048,Staghorn_Way.html,2567,2567,29,1,1,0,383.3,151.3
Piemonte Drive,1,1,Piemonte Drive,2747 2776 2779 2798 2814 2854 2856,Piemonte_Drive.html,12364,12364,28,2,2,0,1854.9,619.7
Fennel Way,1,1,Fennel Way,3151 3155 3159 3160 3162,Fennel_Way.html,3044,3044,28,1,1,0,456.2,184.9
Sonia Way,1,1,Sonia Way,6166,Sonia_Way.html,2830,2830,27,1,1,0,424.5,175.3
North Vasco Road,1,2,North Vasco Road 1 of 2,8208 8209 7915 7918 7926 7937 7952 8006 8011 8013 8159,North_Vasco_Road_1_of_2.html,29779,29779,27,8,6,2,4458.5,1335.5
Decker Lane,1,1,Decker Lane,6996 6997 7000 7004,Decker_Lane.html,3978,3978,27,1,0,1,595.7,222.1
Rhododendron Drive,1,1,Rhododendron Drive,6030 6034 6035 6036 6084 6086 6111 6113 6115 6116 6127 6132 6146 6147,Rhododendron_Drive.html,6959,6959,26,2,2,0,1040.9,352.5
Cole Common,1,1,Cole Common,5943 5973 5978,Cole_Common.html,1161,1161,26,2,2,0,173.4,104.2
Lucca Circle,1,2,Lucca Circle 1 of 2,6514 6515,Lucca_Circle_1_of_2.html,2580,2580,26,1,1,0,386.9,155.4
Bernal Avenue,1,3,Bernal Avenue 1 of 3,2310 2313 2319 2323,Bernal_Avenue_1_of_3.html,5048,5048,26,4,1,3,755.6,318.3
Stanley Boulevard,1,2,Stanley Boulevard 1 of 2,2968 2637 2562 1422 1737 1787 2287 2295 2297 2303 31,Stanley_Boulevard_1_of_2.html,38438,38438,26,6,3,3,5777.0,1890.8
North Livermore Avenue,1,2,North Livermore Avenue 1 of 2,5868 5869 5870 5871 5878 4983 4988 4992 4999 5001 5003 5004 5022 5874 5102,North_Livermore_Avenue_1_of_2.html,53978,53978,26,8,2,6,8578.2,2263.6
Portola Avenue,3,4,Portola Avenue 3 of 4,3061 3069 3122 3132 3140 3161,Portola_Avenue_3_of_4.html,10815,10815,25,0,0,0,1624.5,517.6
Senger Street,1,1,Senger Street,6995 7018,Senger_Street.html,2624,2624,25,0,0,0,393.0,156.9
Springtown Boulevard,1,2,Springtown Boulevard 1 of 2,5992 5993 5999 6001 6029 6071 6075 6078 6079 6088 6139 6649 6125,Springtown_Boulevard_1_of_2.html,15652,15652,25,7,2,5,2344.2,747.8
Elder Circle,1,1,Elder Circle,7050,Elder_Circle.html,3045,3045,25,0,0,0,457.3,173.8
Germano Way,1,1,Germano Way,2808 2809 2810 2823 2828 2841,Germano_Way.html,7151,7151,24,0,0,0,1072.6,374.7
Fairlands Drive,2,2,Fairlands Drive 2 of 2,999 998 1007 1005 980 1068 1082 1086 729 636 627 490 347,Fairlands_Drive_2_of_2.html,8144,8144,24,3,3,0,1219.9,416.6
Tarragona Drive,1,1,Tarragona Drive,5284 5287 5290,Tarragona_Drive.html,1975,1975,24,1,1,0,296.6,134.6
Stoneridge Creek Way,1,5,Stoneridge Creek Way 1 of 5,1554 1557 1544 1551,Stoneridge_Creek_Way_1_of_5.html,2112,2112,24,2,2,0,315.9,143.9
Chateau Way,1,4,Chateau Way 1 of 4,5457 5504 5514 5519 5680 5689 6454 6468 5770,Chateau_Way_1_of_4.html,7830,7830,23,0,0,0,1261.0,372.8
Stoneridge Creek Way,2,5,Stoneridge Creek Way 2 of 5,1555 1559 1546 1550,Stoneridge_Creek_Way_2_of_5.html,1719,1719,23,2,2,0,313.4,127.2
Airway Boulevard,1,2,Airway Boulevard 1 of 2,2694 2695 2713 2952 2705 2706 2707 2708 2710 3053 3056,Airway_Boulevard_1_of_2.html,12839,12839,23,5,3,2,1925.2,634.4
Railroad Avenue,2,5,Railroad Avenue 2 of 5,4299 4695 4859 4864 4939 4950 4964 5071 5098 5107,Railroad_Avenue_2_of_5.html,8571,8571,23,0,0,0,1286.6,416.3
North Livermore Avenue,2,2,North Livermore Avenue 2 of 2,4987 4989 4991 5002 5005 5007 5008 5010 5011 5873 5023 5025 5027 5033 5036 5041 5103,North_Livermore_Avenue_2_of_2.html,15899,15899,23,5,3,2,2378.5,771.0
West Jack London Boulevard,3,3,West Jack London Boulevard 3 of 3,2934 2943 2955 2960 2971,West_Jack_London_Boulevard_3_of_3.html,5238,5238,23,0,0,0,787.1,267.5
Wetmore Road,1,2,Wetmore Road 1 of 2,4512 4521 5293 4492 4497 4499,Wetmore_Road_1_of_2.html,10530,10530,23,2,1,1,1581.3,495.5
Gabriella Lane,1,1,Gabriella Lane,6957,Gabriella_Lane.html,1765,1765,23,1,1,0,264.5,125.1
Greenville Road,1,2,Greenville Road 1 of 2,7557 7560 7604 7605 7606 7607 7609 7629 7630 7678,Greenville_Road_1_of_2.html,43448,43448,23,8,1,7,6503.5,1952.3
Talinga Drive,1,1,Talinga Drive,5265 5288 5289,Talinga_Drive.html,2806,2806,23,2,2,0,419.7,168.2
Alden Lane,1,1,Alden Lane,3601 3678 3730 3760 3789 3814 3884 4401 4458 4482,Alden_Lane.html,12781,12781,22,0,0,0,1920.1,562.3
Railroad Avenue,1,5,Railroad Avenue 1 of 5,4694 4860 4865 4940 4949 4963 5072 5099 5101 5106 5109 5834,Railroad_Avenue_1_of_5.html,8667,8667,22,0,0,0,1300.6,420.1
Dresslar Circle,1,1,Dresslar Circle,7049,Dresslar_Circle.html,3039,3039,22,0,0,0,456.4,172.7
Diavila Avenue,1,1,Diavila Avenue,990 1072 1093,Diavila_Avenue.html,2320,2320,22,2,2,0,348.3,152.3
Laughlin Road,1,1,Laughlin Road,7735 7762 7763 7766 7768 7781 7782 7783 7787 7788 7806 7813,Laughlin_Road.html,25764,25764,22,9,5,4,3858.1,1143.1
Serpentine Lane,1,1,Serpentine Lane,122,Serpentine_Lane.html,7706,7706,22,7,7,0,1154.9,364.7
Cameron Circle,1,1,Cameron Circle,152,Cameron_Circle.html,3241,3241,22,4,4,0,485.6,196.1
Wetmore Road,2,2,Wetmore Road 2 of 2,4493 4496 4500,Wetmore_Road_2_of_2.html,2415,2415,21,1,1,0,361.9,158.6
Sonia Street,1,3,Sonia Street 1 of 3,6179 6183 6579 6582 6607 6608,Sonia_Street_1_of_3.html,2471,2471,21,1,1,0,413.5,160.0
Persimmon Circle,2,2,Persimmon Circle 2 of 2,1765,Persimmon_Circle_2_of_2.html,1095,1095,21,1,1,0,164.4,91.6
Vintage Lane,1,1,Vintage Lane,5328 5371 5434 5454,Vintage_Lane.html,5081,5081,21,2,2,0,763.0,271.0
Oakville Lane,1,3,Oakville Lane 1 of 3,7495 7496 7500 7541 7545 7503 7528 7524,Oakville_Lane_1_of_3.html,3644,3644,21,0,0,0,574.9,201.7
Elston Street,1,1,Elston Street,7001 7002 7005,Elston_Street.html,2285,2285,21,0,0,0,341.9,141.8
East Airway Boulevard,1,3,East Airway Boulevard 1 of 3,3382 3413 4012 4080 4095 4206,East_Airway_Boulevard_1_of_3.html,14035,14035,21,3,2,1,2107.5,663.9
West Jack London Boulevard,2,3,West Jack London Boulevard 2 of 3,1431 2370 2464 2467,West_Jack_London_Boulevard_2_of_3.html,5686,5686,21,1,1,0,853.9,306.1
Caldeira Drive,1,3,Caldeira Drive 1 of 3,6489 6491 6496 6502 6517,Caldeira_Drive_1_of_3.html,3577,3577,21,2,2,0,537.0,202.3
Fourth Street,1,1,Fourth Street,4677 4698 4702 4704 4714 4845 4880 4929 4955 5078 5090 5116 5476 5479 5481 5482 5657 5668 5731 5737 5756 5813,Fourth_Street.html,13363,13363,21,2,2,0,2004.0,616.3
Treadwell Street,1,1,Treadwell Street,7024,Treadwell_Street.html,2142,2142,21,1,1,0,321.1,142.7
Collier Canyon Road,1,3,Collier Canyon Road 1 of 3,2983 3037 3042 3046,Collier_Canyon_Road_1_of_3.html,42712,42712,20,2,0,2,6398.2,1875.7
Isabel Avenue,3,3,Isabel Avenue 3 of 3,2918 2922 3120 3409 3412,Isabel_Avenue_3_of_3.html,9560,9560,20,4,2,2,1432.7,546.1
Rivers Bend Circle,2,4,Rivers Bend Circle 2 of 4,5686 5707 5780 5793,Rivers_Bend_Circle_2_of_4.html,2889,2889,20,1,1,0,433.6,172.1
Mission Lane,1,1,Mission Lane,5341 5342 5343 5344 5345 5354,Mission_Lane.html,2072,2072,20,1,1,0,309.2,128.7
Rheem Drive,1,1,Rheem Drive,58 579 581 582 604 658 682 1059 1094,Rheem_Drive.html,6109,6109,20,2,2,0,915.7,316.7
Burbank Avenue,1,1,Burbank Avenue,3114 3115 3116 3117,Burbank_Avenue.html,1572,1572,20,0,0,0,234.8,109.8
North Greenville Road,1,2,North Greenville Road 1 of 2,7664 7665 7671 7673 7680 7683 7691 7661 7727,North_Greenville_Road_1_of_2.html,10786,10786,20,1,1,0,1614.7,522.2
Broadmoor Street,1,1,Broadmoor Street,5886 5887 5888 5889 5890 5892 5893 5894 5895 5896 5897 5898 5900 8119,Broadmoor_Street.html,7400,7400,20,3,3,0,1105.8,356.8
Village Drive,1,1,Village Drive,7794 7796 7861 7863 7865 7866,Village_Drive.html,3270,3270,20,1,1,0,490.9,182.5
Rosewood Drive,1,3,Rosewood Drive 1 of 3,969 1289,Rosewood_Drive_1_of_3.html,11112,11112,19,6,5,1,1667.0,637.7
Portola Avenue,4,4,Portola Avenue 4 of 4,5555 5598 6330 6378 6418,Portola_Avenue_4_of_4.html,5400,5400,19,0,0,0,811.0,260.0
Obsidian Way,1,1,Obsidian Way,2872 3584 3620 3626 3631 3643 3648 3657,Obsidian_Way.html,3760,3760,19,0,0,0,564.0,197.2
Brisa Street,2,2,Brisa Street 2 of 2,7352 7358 7374 7390 7406,Brisa_Street_2_of_2.html,4043,4043,19,1,1,0,606.6,226.4
Trinity Hills Lane,1,1,Trinity Hills Lane,3817 3821 3826 3882 3883 4462 4468,Trinity_Hills_Lane.html,4610,4610,19,1,1,0,691.4,244.5
Morning Glory Circle,1,1,Morning Glory Circle,6142 6144,Morning_Glory_Circle.html,2723,2723,19,2,2,0,407.9,168.7
Cellars Drive,1,3,Cellars Drive 1 of 3,4517 4604,Cellars_Drive_1_of_3.html,1378,1378,19,1,1,0,231.2,103.7
Summertree Drive,1,1,Summertree Drive,3294 3305 3332 3442 3447 3449 3536 3546,Summertree_Drive.html,6762,6762,19,1,1,0,1014.4,339.8
Springtown Boulevard,2,2,Springtown Boulevard 2 of 2,5991 5994 5996 6000 6027 6070 6074 6081 6085 6087 6140 6650,Springtown_Boulevard_2_of_2.html,13596,13596,18,7,2,5,2036.3,665.9
North Greenville Road,2,2,North Greenville Road 2 of 2,7666 7672 7676 7677,North_Greenville_Road_2_of_2.html,9886,9886,18,1,1,0,1480.6,482.2
Persimmon Circle,1,2,Persimmon Circle 1 of 2,1815 1775 1767 1755,Persimmon_Circle_1_of_2.html,1341,1341,18,0,0,0,200.7,94.1
Northfront Road,2,2,Northfront Road 2 of 2,7971 7973 8009 8012 8016 8017 8040,Northfront_Road_2_of_2.html,7079,7079,18,1,1,0,1061.9,353.3
Baker Drive,1,1,Baker Drive,2191 2196,Baker_Drive.html,1123,1123,18,1,1,0,168.2,100.6
Courtney Avenue,1,1,Courtney Avenue,2188 2193,Courtney_Avenue.html,2293,2293,18,1,1,0,343.0,150.8
North Murrieta Boulevard,2,2,North Murrieta Boulevard 2 of 2,3951 3966,North_Murrieta_Boulevard_2_of_2.html,4321,4321,18,1,1,0,647.6,239.0
Bertolli Drive,1,1,Bertolli Drive,4519 4544,Bertolli_Drive.html,1584,1584,18,1,1,0,237.0,119.0
North Murrieta Boulevard,1,2,North Murrieta Boulevard 1 of 2,3950 3963,North_Murrieta_Boulevard_1_of_2.html,4342,4342,17,1,1,0,650.7,239.6
North P Street,1,2,North P Street 1 of 2,4257 4259 4260 4269 4283 4284 4286 4290 4685 4689 4729 4732 4734 4735 4681 4686 4866,North_P_Street_1_of_2.html,10291,10291,17,2,2,0,1538.9,497.1
Greenville Road,2,2,Greenville Road 2 of 2,7679,Greenville_Road_2_of_2.html,2355,2355,17,1,1,0,352.6,154.7
Kolln Street,1,1,Kolln Street,35 36 37 39 41 42 43 44 38 40 53 564 573 576 583 599 602 662 681 686 693 718 719,Kolln_Street.html,11109,11109,17,4,3,1,1682.1,522.4
Eilene Drive,1,1,Eilene Drive,547 551 554 555 580,Eilene_Drive.html,3422,3422,17,0,0,0,511.8,184.4
Smoketree Commons,1,2,Smoketree Commons 1 of 2,2324 1521,Smoketree_Commons_1_of_2.html,2113,2113,17,1,1,0,316.7,144.3
Lagiss Drive,1,1,Lagiss Drive,4523 4525,Lagiss_Drive.html,2814,2814,17,2,2,0,421.1,163.3
Cameron Avenue,1,1,Cameron Avenue,83 151 172 173 2187 2189,Cameron_Avenue.html,3307,3307,17,1,1,0,496.4,194.3
Lennox Court,1,1,Lennox Court,4612,Lennox_Court.html,603,603,17,0,0,0,90.2,70.8
Trimingham Drive,1,1,Trimingham Drive,562 563 584 588 589 598 668 696,Trimingham_Drive.html,3427,3427,17,0,0,0,513.6,187.7
Trevor Parkway,1,1,Trevor Parkway,1745 1746 1747 1748 1749,Trevor_Parkway.html,1605,1605,17,0,0,0,239.6,110.5
North Canyons Parkway,1,2,North Canyons Parkway 1 of 2,2978 2985 3017 3021 3051 3058 3060,North_Canyons_Parkway_1_of_2.html,11215,11215,17,2,2,0,1684.6,542.1
Highland Street,1,1,Highland Street,6335 6341 6343 6346 6347 6348 6349 6407 6413 6414 6415,Highland_Street.html,5657,5657,17,3,3,0,845.8,293.0
East Stanley Boulevard,1,5,East Stanley Boulevard 1 of 5,2892 3229 3303 3443 3466 3543 3947 4136 4184 4316 4296,East_Stanley_Boulevard_1_of_5.html,14797,14797,17,2,1,1,2223.1,686.8
Rutherford Lane,1,1,Rutherford Lane,7532,Rutherford_Lane.html,2277,2277,17,0,0,0,341.7,142.1
Normandy Way,1,1,Normandy Way,5432 5435 5436 5437 5438 5440 5441,Normandy_Way.html,3117,3117,17,1,1,0,465.9,176.9
Frederick Michael Way,1,1,Frederick Michael Way,4554 5256 5259,Frederick_Michael_Way.html,2427,2427,17,0,0,0,364.6,151.3
Northfront Road,1,2,Northfront Road 1 of 2,7833 7849 7972 8014 8015,Northfront_Road_1_of_2.html,9626,9626,17,2,2,0,1445.9,468.0
Tolentino Court,1,1,Tolentino Court,4502,Tolentino_Court.html,654,654,17,0,0,0,98.2,74.3
Longard Road,1,1,Longard Road,7703 7709 7714 7717,Longard_Road.html,4029,4029,16,1,1,0,604.1,228.2
Moreno Avenue,1,1,Moreno Avenue,1091 1092,Moreno_Avenue.html,1325,1325,16,1,1,0,198.1,101.2
Rosewood Drive,2,3,Rosewood Drive 2 of 3,968 1290,Rosewood_Drive_2_of_3.html,11018,11018,16,6,5,1,1652.8,627.5
Second Street,1,3,Second Street 1 of 3,4680 4697 4853 4869 4936 4952 4962 5094 5105 5831 5740 5744 5747 5815,Second_Street_1_of_3.html,9607,9607,16,2,2,0,1473.8,457.9
Discovery Drive,2,4,Discovery Drive 2 of 4,2958 2967,Discovery_Drive_2_of_4.html,3237,3237,16,1,1,0,576.3,184.6
El Caminito,1,1,El Caminito,3245 3261 3282 3304 3306 3307 3914 3919 3933 3936 4148 4157 4164 4326 4350,El_Caminito.html,14333,14333,16,2,2,0,2148.7,638.5
Vintage Drive,1,1,Vintage Drive,2316,Vintage_Drive.html,636,636,16,0,0,0,95.5,80.8
Briana Street,1,1,Briana Street,6973,Briana_Street.html,1141,1141,16,0,0,0,170.6,91.2
Loch Lomand Way,1,1,Loch Lomand Way,6287 6294 6297 6307 6337,Loch_Lomand_Way.html,4831,4831,16,2,2,0,725.1,257.4
Old Vineyard Avenue,1,1,Old Vineyard Avenue,2566,Old_Vineyard_Avenue.html,1448,1448,16,0,0,0,217.2,117.1
White Crane Circle,1,1,White Crane Circle,6982,White_Crane_Circle.html,1283,1283,16,0,0,0,192.1,98.7
Allegro Street,1,1,Allegro Street,3881,Allegro_Street.html,2181,2181,16,0,0,0,326.7,128.3
Churchill Drive,1,1,Churchill Drive,532 533 621 626 629 638 1084,Churchill_Drive.html,6268,6268,16,1,1,0,939.5,321.9
Collier Canyon Road,3,3,Collier Canyon Road 3 of 3,2932 3039 3040 3041 3045 3048,Collier_Canyon_Road_3_of_3.html,7048,7048,16,1,0,1,1054.4,352.2
Edinburgh Drive,1,1,Edinburgh Drive,5557 5569 5570 5579 5596 5618 6374 6376 6401 6412,Edinburgh_Drive.html,5755,5755,16,1,1,0,862.9,305.2
San Vicente Drive,2,2,San Vicente Drive 2 of 2,6512 6509,San_Vicente_Drive_2_of_2.html,1815,1815,16,3,3,0,271.5,124.1
Winding Oaks Drive,1,1,Winding Oaks Drive,2586,Winding_Oaks_Drive.html,4080,4080,16,1,1,0,611.9,238.0
Altair Avenue,1,1,Altair Avenue,3750 3751 3752 3753 3754,Altair_Avenue.html,3551,3551,15,0,0,0,530.9,191.2
Arlene Way,1,3,Arlene Way 1 of 3,7258 7262 7264 7289 7293 7298 7300 7241,Arlene_Way_1_of_3.html,8575,8575,15,0,0,0,1351.8,410.1
Bess Avenue,1,1,Bess Avenue,5314 5363,Bess_Avenue.html,4589,4589,15,1,1,0,689.7,244.0
Verdala Drive,1,1,Verdala Drive,5202 5292,Verdala_Drive.html,1610,1610,15,1,1,0,240.8,119.8
Rebecca Drive,1,1,Rebecca Drive,7256 7294 7295 7296 7301,Rebecca_Drive.html,4574,4574,15,1,1,0,685.1,242.7
Gates Circle,1,1,Gates Circle,6978,Gates_Circle.html,1412,1412,15,0,0,0,211.5,103.6
South L Street,1,1,South L Street,4938 5111 5113 5115 5120 5122 5085 5150 5151,South_L_Street.html,7301,7301,15,0,0,0,1105.0,356.9
Paladin Way,1,1,Paladin Way,2829 2844 2850 2852,Paladin_Way.html,3950,3950,15,0,0,0,592.2,229.9
Chardonnay Drive,1,1,Chardonnay Drive,1440 1448 1451 1462 1477 1482,Chardonnay_Drive.html,2951,2951,15,0,0,0,442.6,190.5
Dunsmuir Circle,1,1,Dunsmuir Circle,2171 2177,Dunsmuir_Circle.html,2879,2879,15,2,2,0,431.9,178.5
Campus Hill Drive,2,2,Campus Hill Drive 2 of 2,3135 3136 3143 3147,Campus_Hill_Drive_2_of_2.html,3382,3382,15,1,1,0,506.3,203.0
Felicia Avenue,1,1,Felicia Avenue,7192 7196 7260 7261 7275 7278 7279,Felicia_Avenue.html,8596,8596,15,0,0,0,1289.5,405.1
Chardonnay Way,1,1,Chardonnay Way,5315 5317 5325 5360 5370 5455,Chardonnay_Way.html,3885,3885,15,2,2,0,583.0,211.6
Stealth Street,1,1,Stealth Street,3381 3391,Stealth_Street.html,6901,6901,15,2,2,0,1034.1,328.0
Discovery Drive,3,4,Discovery Drive 3 of 4,2899 2903 2963 2966,Discovery_Drive_3_of_4.html,2309,2309,15,1,1,0,806.4,150.2
Autumn Oak Drive,1,1,Autumn Oak Drive,6058 6059 6060,Autumn_Oak_Drive.html,2507,2507,15,1,1,0,375.0,153.1
Nevada Court,1,1,Nevada Court,2321,Nevada_Court.html,737,737,15,1,1,0,110.4,83.9
Wisteria Way,1,1,Wisteria Way,5907 8020 8023 8055 8057 8062,Wisteria_Way.html,4557,4557,14,0,0,0,684.2,236.5
Irongate Drive,1,1,Irongate Drive,2225 2259 2260,Irongate_Drive.html,1457,1457,14,1,1,0,218.0,106.4
Ironwood Drive,1,4,Ironwood Drive 1 of 4,2265 2278 2279 2280 2223,Ironwood_Drive_1_of_4.html,1867,1867,14,1,1,0,346.3,131.3
Vetta Drive,1,1,Vetta Drive,2862 2866 2868,Vetta_Drive.html,3226,3226,14,1,1,0,483.1,180.9
Vermont Place,1,1,Vermont Place,1728 1742 1756,Vermont_Place.html,3795,3795,14,4,4,0,568.5,203.9
Inverness Common,1,1,Inverness Common,6323,Inverness_Common.html,2276,2276,14,1,1,0,341.2,153.0
French Street,1,1,French Street,6955,French_Street.html,1146,1146,14,0,0,0,171.4,91.1
Yountville Court,1,1,Yountville Court,7537,Yountville_Court.html,1322,1322,14,0,0,0,197.8,99.2
Clubhouse Drive,1,2,Clubhouse Drive 1 of 2,2685 2688 2689 2693 2696,Clubhouse_Drive_1_of_2.html,4135,4135,14,0,0,0,620.8,224.9
Wood Hollow Drive,1,1,Wood Hollow Drive,3887 3889 3890 3891 3894 3895,Wood_Hollow_Drive.html,3320,3320,14,3,3,0,496.2,181.8
Carnegie Way,1,2,Carnegie Way 1 of 2,7015 7016 7033 7034,Carnegie_Way_1_of_2.html,2217,2217,14,0,0,0,332.5,139.6
Maureen Circle,1,1,Maureen Circle,6629 6680 6681 6780 6820 6823,Maureen_Circle.html,5411,5411,14,2,2,0,810.8,281.2
Marathon Drive,1,1,Marathon Drive,7599 7602,Marathon_Drive.html,4155,4155,14,2,2,0,623.3,229.2
Waverly Common,1,1,Waverly Common,5620 5621,Waverly_Common.html,4235,4235,14,1,1,0,635.6,242.3
Pineto Place,1,1,Pineto Place,2777 2791 2797 2799 2801,Pineto_Place.html,3736,3736,14,0,0,0,560.1,218.0
Flurry Drive,1,3,Flurry Drive 1 of 3,7370 7373 7361 7377 7362 7363,Flurry_Drive_1_of_3.html,2287,2287,14,1,1,0,342.7,150.8
Bellmawr Drive,1,1,Bellmawr Drive,6155 6281 6587,Bellmawr_Drive.html,3422,3422,14,0,0,0,514.0,189.7
Third Street,1,2,Third Street 1 of 2,4676 4849 4876 4928 4935 4958 5083 5121 5751 5830 5733 5736 5742 5753,Third_Street_1_of_2.html,10591,10591,14,2,1,1,1607.7,513.2
Pomona Way,1,1,Pomona Way,6169 6188 6192 6273 6545 6551,Pomona_Way.html,4053,4053,14,0,0,0,608.5,213.4
Sevillano Circle,1,3,Sevillano Circle 1 of 3,5351 5352,Sevillano_Circle_1_of_3.html,1818,1818,14,1,1,0,272.7,121.9
Tuscany Circle,1,1,Tuscany Circle,5444,Tuscany_Circle.html,3085,3085,14,1,1,0,462.7,183.3
Prairie Way,1,1,Prairie Way,6571 6586,Prairie_Way.html,1154,1154,14,0,0,0,172.8,94.8
Rockingham Drive,1,1,Rockingham Drive,69 70 538 544 624 631 643 644 727,Rockingham_Drive.html,3560,3560,14,1,1,0,533.0,198.7
Kalthoff Common,1,1,Kalthoff Common,3724 3798,Kalthoff_Common.html,17678,17678,14,10,6,4,2653.3,1037.4
Montage Drive,1,3,Montage Drive 1 of 3,3088 3085,Montage_Drive_1_of_3.html,667,667,14,0,0,0,171.7,66.6
North L Street,1,1,North L Street,4789 4792 4823 4824 4831 4942 4943 4946 4974 4976 4978,North_L_Street.html,7066,7066,14,1,1,0,1056.5,356.8
San Felice Drive,1,1,San Felice Drive,5404 5406 5407 5408 5518,San_Felice_Drive.html,2795,2795,14,1,1,0,417.8,162.6
San Vicente Drive,1,2,San Vicente Drive 1 of 2,6507 6511,San_Vicente_Drive_1_of_2.html,1821,1821,13,3,3,0,272.3,125.2
Maple Street,1,3,Maple Street 1 of 3,5480 5655 5667 5730 5741 5748 5818 5819 5825,Maple_Street_1_of_3.html,4419,4419,13,1,1,0,662.0,236.2
Ironwood Drive,2,4,Ironwood Drive 2 of 4,2268 2274 2275,Ironwood_Drive_2_of_4.html,1731,1731,13,1,1,0,258.7,123.5
Padua Way,1,1,Padua Way,3823 3825 4465 4472,Padua_Way.html,2452,2452,13,0,0,0,367.6,144.5
College Avenue,1,3,College Avenue 1 of 3,4675 4884 4897 4903 4904 4918 4920 5128 5129 5149 5460 5462 5463 5506 5508 5512 5515 5522 5525 5678 5693 5713 5769 5786 5803 4699,College_Avenue_1_of_3.html,13138,13138,13,0,0,0,1995.3,577.2
Zenato Place,1,2,Zenato Place 1 of 2,2670 2739 2727,Zenato_Place_1_of_2.html,5484,5484,13,1,1,0,822.0,296.3
Herman Avenue,1,1,Herman Avenue,7843 7844 7847,Herman_Avenue.html,3584,3584,13,3,3,0,536.1,198.6
Pendolino Lane,1,5,Pendolino Lane 1 of 5,5350 5382,Pendolino_Lane_1_of_5.html,825,825,13,0,0,0,153.8,73.3
Monterey Drive,1,1,Monterey Drive,6066 6067 6068 6089 6090 6091,Monterey_Drive.html,3252,3252,13,1,1,0,486.1,183.8
Pine Street,1,1,Pine Street,3985 3990 4042 4043 4051 4060 4105 4108 4189 4247 4255 4730 4740 4759 4767 4797 4822,Pine_Street.html,9782,9782,13,1,1,0,1468.0,456.0
Arlington Road,1,1,Arlington Road,3347 3348 3349 3351 3352 3354 3371 3374,Arlington_Road.html,5178,5178,13,2,2,0,774.8,255.9
Wexler Way,1,1,Wexler Way,6170 6184,Wexler_Way.html,2277,2277,13,1,1,0,341.7,150.1
Flurry Drive,2,3,Flurry Drive 2 of 3,7376 7378,Flurry_Drive_2_of_3.html,468,468,13,1,1,0,69.9,71.8
Forget Me Not,2,2,Forget Me Not 2 of 2,7953 7954,Forget_Me_Not_2_of_2.html,575,575,13,1,1,0,86.2,75.3
Figone Way,1,1,Figone Way,6580 6581,Figone_Way.html,834,834,13,0,0,0,124.6,80.5
Ruby Hill Drive,2,2,Ruby Hill Drive 2 of 2,3698 3704,Ruby_Hill_Drive_2_of_2.html,1368,1368,13,0,0,0,205.3,120.3
Fiore Bella Way,1,1,Fiore Bella Way,4480,Fiore_Bella_Way.html,2910,2910,13,1,1,0,437.0,164.6
Dana Circle,1,1,Dana Circle,6741 6745 6746 6749 6754 6755 6831 6832 6895 6897,Dana_Circle.html,6184,6184,13,2,2,0,926.6,312.6
Cumulus Street,1,1,Cumulus Street,7392 7393 7395 7397 7398 7400,Cumulus_Street.html,2902,2902,13,0,0,0,433.8,165.3
Glen Isle Avenue,1,1,Glen Isle Avenue,65 77 90 557,Glen_Isle_Avenue.html,2290,2290,13,2,2,0,342.9,142.2
McGraw Avenue,1,1,McGraw Avenue,6865,McGraw_Avenue.html,1828,1828,13,0,0,0,273.7,124.2
Junction Avenue,1,1,Junction Avenue,4811 4814 4986 4994 4997 5024 5034 5040 5047 5064 5633 5837 5852 5854 5855,Junction_Avenue.html,7309,7309,13,0,0,0,1095.5,369.8
East Vineyard Avenue,1,2,East Vineyard Avenue 1 of 2,3599 3796 3799,East_Vineyard_Avenue_1_of_2.html,11099,11099,13,0,0,0,1666.7,527.9
Oakland Avenue,1,1,Oakland Avenue,611 612 614,Oakland_Avenue.html,3110,3110,13,1,1,0,465.4,187.3
Prima Drive,1,3,Prima Drive 1 of 3,3665 3668 3669 3677,Prima_Drive_1_of_3.html,2602,2602,13,2,2,0,417.6,155.2
Fifth Street,1,1,Fifth Street,4844 4852 4873 4932 4954 5091 5114 5720 5729 5763 5805 5812,Fifth_Street.html,8576,8576,13,0,0,0,1287.1,407.3
Bella Kristina Lane,1,1,Bella Kristina Lane,5254,Bella_Kristina_Lane.html,1581,1581,13,1,0,1,236.7,118.2
Pomino Way,1,1,Pomino Way,2669 2736 2738,Pomino_Way.html,3877,3877,13,0,0,0,581.1,217.9
Altamont Creek Drive,1,1,Altamont Creek Drive,7755 7756 7757 7761 7868 7869,Altamont_Creek_Drive.html,4112,4112,12,2,2,0,617.5,222.7
Trailside Circle,1,1,Trailside Circle,1540 1547,Trailside_Circle.html,2479,2479,12,4,4,0,371.2,149.0
Vancouver Way,1,1,Vancouver Way,4348 4642 4643 4659 4660 4665 4890 4901 5160 5224 5240,Vancouver_Way.html,7250,7250,12,0,0,0,1088.5,346.1
Whitehall Court,2,2,Whitehall Court 2 of 2,7540,Whitehall_Court_2_of_2.html,1062,1062,12,0,0,0,158.9,88.8
Old Santa Rita Road,2,3,Old Santa Rita Road 2 of 3,1204 1205 1207,Old_Santa_Rita_Road_2_of_3.html,1887,1887,12,0,0,0,282.1,138.7
Huff Drive,1,1,Huff Drive,166 2173 2182,Huff_Drive.html,2358,2358,12,1,1,0,353.8,154.1
Teasel Common,1,1,Teasel Common,3156,Teasel_Common.html,1516,1516,12,0,0,0,227.6,102.8
Rose Gate Common,1,1,Rose Gate Common,7927,Rose_Gate_Common.html,2275,2275,12,1,1,0,340.7,148.1
Nevada Street,1,1,Nevada Street,2286 2293 2309 2317,Nevada_Street.html,5115,5115,12,5,2,3,768.1,281.6
Danielle Lane,1,4,Danielle Lane 1 of 4,5395,Danielle_Lane_1_of_4.html,891,891,12,0,0,0,133.5,83.3
Bellington Common,1,1,Bellington Common,3022,Bellington_Common.html,1645,1645,12,0,0,0,246.7,106.9
Tortuga Common,1,1,Tortuga Common,7947 7949,Tortuga_Common.html,813,813,12,1,1,0,121.8,84.8
Briarwood Drive,1,1,Briarwood Drive,5626 5631 5840 5841 5847 5856,Briarwood_Drive.html,3734,3734,12,1,1,0,559.8,201.5
Kirkcaldy Street,1,1,Kirkcaldy Street,1830 1981 1997 2146,Kirkcaldy_Street.html,2100,2100,12,0,0,0,315.3,123.3
Nichole Avenue,1,1,Nichole Avenue,2194 2207,Nichole_Avenue.html,1438,1438,12,1,1,0,216.0,113.9
Flagg Lane,1,4,Flagg Lane 1 of 4,6962,Flagg_Lane_1_of_4.html,661,661,12,0,0,0,99.2,70.8
Bianca Way,1,1,Bianca Way,7195 7207 7213 7215 7217,Bianca_Way.html,4172,4172,12,1,1,0,626.1,222.2
Bellflower Street,1,1,Bellflower Street,5902 5903 5904 5905 5906 8061,Bellflower_Street.html,4021,4021,12,2,2,0,601.7,211.0
Westwind Street,1,1,Westwind Street,7369,Westwind_Street.html,1395,1395,12,0,0,0,209.0,103.2
Siena Road,1,1,Siena Road,3803 3818,Siena_Road.html,3195,3195,12,1,1,0,479.0,190.5
Peregrine Street,1,1,Peregrine Street,7023,Peregrine_Street.html,1513,1513,12,0,0,0,226.5,107.8
Picholine Drive,1,1,Picholine Drive,5269,Picholine_Drive.html,810,810,12,1,1,0,121.1,85.3
Bargmann Lane,1,3,Bargmann Lane 1 of 3,7506 7512,Bargmann_Lane_1_of_3.html,629,629,12,0,0,0,175.2,70.5
La Ribera Street,1,1,La Ribera Street,7226,La_Ribera_Street.html,3856,3856,12,1,1,0,578.6,218.2
Sardonyx Court,1,1,Sardonyx Court,2871,Sardonyx_Court.html,1079,1079,12,0,0,0,161.7,83.0
Silver Oaks Way,1,1,Silver Oaks Way,5565 5603 6324,Silver_Oaks_Way.html,6549,6549,12,1,1,0,983.5,336.2
Silver Oaks Court,1,2,Silver Oaks Court 1 of 2,2563 2567,Silver_Oaks_Court_1_of_2.html,692,692,12,0,0,0,103.4,83.2
Saddleback Circle,1,2,Saddleback Circle 1 of 2,3163 3164 4007,Saddleback_Circle_1_of_2.html,4329,4329,12,1,1,0,649.0,234.9
South P Street,1,2,South P Street 1 of 2,4846 4850 4851 4877 4878 4879 4898 4867,South_P_Street_1_of_2.html,5201,5201,12,1,1,0,777.9,270.2
Detert Street,1,1,Detert Street,7492 7505 7507 7508,Detert_Street.html,1373,1373,12,1,1,0,204.9,106.9
Carnegie Loop,1,2,Carnegie Loop 1 of 2,7113 7114 7115 7119 7120 7122 7123 7127 7128 7129,Carnegie_Loop_1_of_2.html,5079,5079,12,1,1,0,761.5,266.2
Woodrose Way,1,1,Woodrose Way,7940 8082 8086,Woodrose_Way.html,2908,2908,12,1,1,0,436.5,162.9
Albert Way,1,1,Albert Way,3500 3510 3562 3563,Albert_Way.html,1664,1664,11,0,0,0,249.4,108.7
Alameda Drive,1,1,Alameda Drive,3168 3176 3372 3373 3380 4004 4016 4017 4035 4036 4038,Alameda_Drive.html,5246,5246,11,0,0,0,786.1,258.5
Alexander Way,1,1,Alexander Way,721 1073,Alexander_Way.html,2648,2648,11,1,1,0,397.0,159.0
Tanager Drive,1,1,Tanager Drive,1034 1035 1036 1037 1187 1188,Tanager_Drive.html,3428,3428,11,2,2,0,512.3,192.8
Krause Street,1,1,Krause Street,648 656 1095,Krause_Street.html,1977,1977,11,0,0,0,296.7,120.9
Santa Croce Court,1,1,Santa Croce Court,6498,Santa_Croce_Court.html,1283,1283,11,0,0,0,192.0,95.2
Sutter Gate Avenue,1,1,Sutter Gate Avenue,11 993 1028 1154 1186 1215 1225,Sutter_Gate_Avenue.html,5353,5353,11,1,1,0,802.9,292.7
Donahue Drive,1,1,Donahue Drive,2210 2222,Donahue_Drive.html,1610,1610,11,0,0,0,241.3,107.6
Campus Hill Drive,1,2,Campus Hill Drive 1 of 2,3134 3137 3141 3142 3148,Campus_Hill_Drive_1_of_2.html,3452,3452,11,1,1,0,516.5,205.8
Wagoner Drive,1,1,Wagoner Drive,4159 4160 4162 4163 4437 4439 4441 4442,Wagoner_Drive.html,7501,7501,11,0,0,0,1122.0,347.3
Las Positas Road,4,6,Las Positas Road 4 of 6,7669 7674 7694 7695,Las_Positas_Road_4_of_6.html,6987,6987,11,0,0,0,1048.7,343.2
Spumante Place,1,2,Spumante Place 1 of 2,2749 2753 2755 2748 2751,Spumante_Place_1_of_2.html,3820,3820,11,0,0,0,572.2,222.3
Hanover Street,1,1,Hanover Street,3166 3181 3185 3188 3212 3366 3999 4000,Hanover_Street.html,6981,6981,11,0,0,0,1047.2,335.2
Gilbert Lane,1,1,Gilbert Lane,6180,Gilbert_Lane.html,1752,1752,11,1,1,0,262.9,126.9
Francisco Street,1,1,Francisco Street,565 572 591 667 700 703 707,Francisco_Street.html,2776,2776,11,1,1,0,416.3,160.5
Red Maple Common,1,1,Red Maple Common,7946,Red_Maple_Common.html,321,321,11,0,0,0,47.9,57.4
Vernazza Drive,1,5,Vernazza Drive 1 of 5,5419 5410 5409,Vernazza_Drive_1_of_5.html,2167,2167,11,1,1,0,453.6,139.0
North N Street,1,1,North N Street,4769 4775 4780 4782 4784 4856 4858 4838 4839 4857,North_N_Street.html,5931,5931,11,1,0,1,945.8,299.6
Rincon Avenue,1,3,Rincon Avenue 1 of 3,4172 4173 4174 4175 4176 4226 4230 4231 4232 4233 4234 4235 4242 4243 4244 4245 4246,Rincon_Avenue_1_of_3.html,10188,10188,11,0,0,0,1522.7,440.4
Stickley Drive,1,1,Stickley Drive,6163 6172,Stickley_Drive.html,772,772,11,0,0,0,115.5,78.2
Thornhill Drive,1,1,Thornhill Drive,6299 6336 6340,Thornhill_Drive.html,2528,2528,11,2,2,0,379.2,161.9
Ruby Hill Drive,1,2,Ruby Hill Drive 1 of 2,3699 3705,Ruby_Hill_Drive_1_of_2.html,1406,1406,11,0,0,0,211.1,121.4
Wildrose Common,1,1,Wildrose Common,2998 3034,Wildrose_Common.html,1935,1935,11,1,1,0,290.2,128.5
Hillcrest Avenue,1,1,Hillcrest Avenue,6233 6234 6235 6236 6237 6238 6239 6240 6241 6242 6243 6244 6251 6271 6272,Hillcrest_Avenue.html,9419,9419,11,2,2,0,1407.6,408.3
Cornerstone Common,1,3,Cornerstone Common 1 of 3,3538 3524 3522 3520 3519 3521 3508,Cornerstone_Common_1_of_3.html,1164,1164,11,1,1,0,173.8,94.1
Silverado Lane,1,3,Silverado Lane 1 of 3,7542 7547,Silverado_Lane_1_of_3.html,616,616,11,0,0,0,124.3,71.0
Murrieta Boulevard,1,4,Murrieta Boulevard 1 of 4,4217 4203 4066 4031 4039 3996 3987 3989 3994 3980 3962,Murrieta_Boulevard_1_of_4.html,11703,11703,11,3,3,0,1752.6,532.2
Industrial Way,1,1,Industrial Way,7827 7985,Industrial_Way.html,3615,3615,11,1,1,0,542.4,200.2
Murrieta Boulevard,2,4,Murrieta Boulevard 2 of 4,3961 3982 3992 3991 3995 4037 4072 4065 4202 4223,Murrieta_Boulevard_2_of_4.html,11647,11647,11,2,2,0,1744.4,527.9
Old Santa Rita Road,1,3,Old Santa Rita Road 1 of 3,1249 1250 1206 1208,Old_Santa_Rita_Road_1_of_3.html,4971,4971,11,1,1,0,743.9,266.2
Ponderosa Drive,1,1,Ponderosa Drive,6055 6094,Ponderosa_Drive.html,2987,2987,11,2,2,0,447.4,171.2
Ballantyne Drive,1,1,Ballantyne Drive,2145 2240,Ballantyne_Drive.html,4337,4337,11,3,3,0,651.1,235.7
Bear Creek Drive,1,1,Bear Creek Drive,7752 7754 7759 7764,Bear_Creek_Drive.html,2589,2589,11,1,1,0,388.6,155.0
East Stanley Boulevard,2,5,East Stanley Boulevard 2 of 5,2891 3230 3465 3556 3948 4135 4183 4317 4295 4724,East_Stanley_Boulevard_2_of_5.html,14750,14750,10,2,1,1,2229.4,683.3
Acorn Way,1,1,Acorn Way,3634 3639,Acorn_Way.html,1380,1380,10,1,1,0,207.1,101.9
Sumal Common,1,1,Sumal Common,3083 3084 3118,Sumal_Common.html,629,629,10,0,0,0,94.2,63.3
South K Street,1,1,South K Street,5079 5082 5084 5092 5104 5787 5804 5809,South_K_Street.html,5406,5406,10,0,0,0,808.5,271.8
Sixth Street,1,2,Sixth Street 1 of 2,4896 4926 4933 4961 5119 5081 5808 5716 5726 5473,Sixth_Street_1_of_2.html,7261,7261,10,1,1,0,1378.0,356.9
Cansino Lane,1,1,Cansino Lane,6998,Cansino_Lane.html,581,581,10,0,0,0,87.1,67.7
Superior Drive,1,1,Superior Drive,4543 4547 4548 4550 5185 5198 5204 5257 5260 5261 5280,Superior_Drive.html,6796,6796,10,1,1,0,1018.2,338.4
Equestrian Drive,1,1,Equestrian Drive,150,Equestrian_Drive.html,1747,1747,10,1,1,0,261.8,132.5
East Avenue,2,2,East Avenue 2 of 2,6882 6885 7045 7125 7130 7136 7052 7056 7057 7053 7477 7480,East_Avenue_2_of_2.html,8661,8661,10,0,0,0,1300.5,402.8
Santa Croce Drive,1,1,Santa Croce Drive,6497 6500,Santa_Croce_Drive.html,1343,1343,10,2,2,0,200.7,96.7
Nolan Court,1,1,Nolan Court,2190,Nolan_Court.html,764,764,10,0,0,0,114.5,77.8
Montage Drive,3,3,Montage Drive 3 of 3,3086,Montage_Drive_3_of_3.html,491,491,10,0,0,0,73.4,66.1
Montage Drive,2,3,Montage Drive 2 of 3,3087,Montage_Drive_2_of_3.html,505,505,10,0,0,0,75.5,66.9
Loyola Way,1,1,Loyola Way,6616 6621 6699 6709 6710 6713 6714 6715,Loyola_Way.html,6909,6909,10,1,1,0,1034.9,335.6
Lusitana Drive,1,1,Lusitana Drive,4538,Lusitana_Drive.html,1250,1250,10,0,0,0,186.9,94.1
Newbury Street,1,1,Newbury Street,6296 6300 6302 6303 6304 6305,Newbury_Street.html,4131,4131,10,3,3,0,618.5,233.5
Danielle Lane,2,4,Danielle Lane 2 of 4,5399,Danielle_Lane_2_of_4.html,811,811,10,0,0,0,121.7,78.4
Knottingham Circle,1,1,Knottingham Circle,5571,Knottingham_Circle.html,3160,3160,10,1,1,0,473.4,190.1
Thistle Way,1,1,Thistle Way,212 213 215,Thistle_Way.html,894,894,10,0,0,0,133.4,82.9
Tanager Road,1,1,Tanager Road,3344 3345 3551 3552,Tanager_Road.html,4257,4257,10,1,1,0,636.8,217.8
Campinia Place,1,1,Campinia Place,2836,Campinia_Place.html,3308,3308,10,1,1,0,496.1,198.2
Gray Fox Circle,1,2,Gray Fox Circle 1 of 2,2336 2581 2584,Gray_Fox_Circle_1_of_2.html,3886,3886,10,1,1,0,582.7,227.1
Garden Creek Circle,1,1,Garden Creek Circle,549 615 616,Garden_Creek_Circle.html,2335,2335,10,1,1,0,349.7,144.5
Milani Avenue,1,1,Milani Avenue,1060 1061,Milani_Avenue.html,688,688,10,1,1,0,102.7,72.5
Lawrence Drive,1,3,Lawrence Drive 1 of 3,7697 7818,Lawrence_Drive_1_of_3.html,4055,4055,10,1,1,0,607.5,226.6
Tonopah Circle,1,1,Tonopah Circle,1217 1221,Tonopah_Circle.html,2110,2110,10,2,2,0,316.1,158.6
Research Drive,1,1,Research Drive,7051,Research_Drive.html,4875,4875,10,2,2,0,731.0,246.2
Bradford Way,1,6,Bradford Way 1 of 6,1793 1795 1805 1806 1796 2255,Bradford_Way_1_of_6.html,2917,2917,10,2,2,0,559.5,178.4
Bobby Drive,1,1,Bobby Drive,8022,Bobby_Drive.html,1739,1739,10,1,1,0,261.0,122.4
Robinson Circle,1,1,Robinson Circle,7011,Robinson_Circle.html,2159,2159,10,1,1,0,323.4,140.9
Thiessen Street,1,2,Thiessen Street 1 of 2,2647 2652,Thiessen_Street_1_of_2.html,1881,1881,10,1,1,0,281.5,135.0
Cedar Drive,1,1,Cedar Drive,3201 3220 3355 3359 3979 3981,Cedar_Drive.html,4100,4100,10,0,0,0,615.7,206.4
Newton Way,1,2,Newton Way 1 of 2,102 154 174,Newton_Way_1_of_2.html,1802,1802,10,1,1,0,270.4,120.5
Vineyard Terrace,1,1,Vineyard Terrace,2564,Vineyard_Terrace.html,1032,1032,10,1,1,0,154.5,97.6
Portola Meadows Road,1,3,Portola Meadows Road 1 of 3,4750 4751 4752 4753,Portola_Meadows_Road_1_of_3.html,2046,2046,10,1,1,0,305.7,129.0
Birchwood Common,1,3,Birchwood Common 1 of 3,7060 7061,Birchwood_Common_1_of_3.html,965,965,10,1,1,0,144.2,83.2
Grapevine Drive,1,2,Grapevine Drive 1 of 2,1441 1442 1443 1444 1445 1447 1450,Grapevine_Drive_1_of_2.html,1982,1982,10,0,0,0,296.2,124.1
Copper Crest Common,1,1,Copper Crest Common,3000 3012 3013 3019,Copper_Crest_Common.html,2442,2442,10,0,0,0,365.3,151.6
Hagemann Drive,1,1,Hagemann Drive,3400 3401 3402 3436 3438 3439 3441 3451 3452 3526 3527,Hagemann_Drive.html,7219,7219,10,3,3,0,1079.7,353.2
Pheasant Way,1,1,Pheasant Way,7748 8177,Pheasant_Way.html,1208,1208,10,0,0,0,181.2,87.5
Ascalano Lane,1,2,Ascalano Lane 1 of 2,5333,Ascalano_Lane_1_of_2.html,2162,2162,10,1,1,0,324.8,131.3
Bettona Street,1,1,Bettona Street,3828 3829 3831,Bettona_Street.html,2950,2950,10,0,0,0,441.6,160.9
Persimmon Way,1,1,Persimmon Way,1724 1729 1740,Persimmon_Way.html,1188,1188,10,0,0,0,178.2,86.0
Merlot Lane,1,1,Merlot Lane,5368,Merlot_Lane.html,3353,3353,10,0,0,0,503.9,177.0
Arroyo Road,1,4,Arroyo Road 1 of 4,5298 5388 6923 6926 6929 5179 5182 5187 5310 5311 5308 5188 5189 5190 5301 5303 5304 5305,Arroyo_Road_1_of_4.html,34491,34491,10,7,1,6,5329.3,1583.7
Ascalano Lane,2,2,Ascalano Lane 2 of 2,5334,Ascalano_Lane_2_of_2.html,2159,2159,10,1,1,0,324.4,131.1
Jeannie Way,1,1,Jeannie Way,6611 6613 6619 6697 6704 6708,Jeannie_Way.html,3325,3325,10,1,1,0,498.1,186.5
Arrowhead Avenue,1,1,Arrowhead Avenue,8056 8066 8067 8068 8073 8074,Arrowhead_Avenue.html,4166,4166,10,2,1,1,622.7,237.8
Impruneta Court,1,1,Impruneta Court,4513,Impruneta_Court.html,757,757,10,1,1,0,113.2,74.5
Naylor Avenue,1,1,Naylor Avenue,7227 7232 7981,Naylor_Avenue.html,3465,3465,10,1,1,0,520.2,192.8
Palmer Drive,1,1,Palmer Drive,84 104 105 112 113,Palmer_Drive.html,3476,3476,10,3,3,0,519.9,191.4
Mulqueeney Street,1,1,Mulqueeney Street,6819 6824 6839 6841 6852 6855,Mulqueeney_Street.html,3664,3664,10,1,1,0,548.1,196.6
Windward Common,1,1,Windward Common,2997 3001 3014 3031 3035,Windward_Common.html,1795,1795,10,0,0,0,268.9,115.0
Maplewood Drive,1,1,Maplewood Drive,7899,Maplewood_Drive.html,1739,1739,9,0,0,0,260.5,108.5
Yosemite Drive,1,1,Yosemite Drive,2895 2896 3420 3422 3454,Yosemite_Drive.html,5545,5545,9,1,1,0,830.4,279.4
Guilford Avenue,1,1,Guilford Avenue,6205 6249 6533 6534,Guilford_Avenue.html,4094,4094,9,0,0,0,615.0,202.1
Gulfstream Street,1,1,Gulfstream Street,167 168 169 214,Gulfstream_Street.html,3140,3140,9,1,1,0,469.4,180.5
Bertolli Court,1,1,Bertolli Court,4545,Bertolli_Court.html,476,476,9,1,1,0,71.0,69.9
Prato Way,1,1,Prato Way,3640 3658,Prato_Way.html,2172,2172,9,1,1,0,325.6,133.4
South M Street,1,1,South M Street,4930 4934 4937 4945 4951 5117 5118,South_M_Street.html,5281,5281,9,1,1,0,790.1,270.4
Mountain Vista Parkway,2,3,Mountain Vista Parkway 2 of 3,7718 7722,Mountain_Vista_Parkway_2_of_3.html,1476,1476,9,1,1,0,344.6,114.7
North P Street,2,2,North P Street 2 of 2,4682 4863,North_P_Street_2_of_2.html,1653,1653,9,1,1,0,247.3,124.3
Mountain Vista Parkway,1,3,Mountain Vista Parkway 1 of 3,7719 7720 7723,Mountain_Vista_Parkway_1_of_3.html,1928,1928,9,0,0,0,356.9,128.0
Preston Avenue,2,2,Preston Avenue 2 of 2,6813 6867,Preston_Avenue_2_of_2.html,2384,2384,9,0,0,0,357.8,147.5
Gardella Plaza,1,1,Gardella Plaza,5552 5591 5604 5611,Gardella_Plaza.html,2616,2616,9,0,0,0,392.4,158.5
Mezzamonte Drive,1,1,Mezzamonte Drive,6493,Mezzamonte_Drive.html,1332,1332,9,1,1,0,199.3,102.5
Rathbone Way,1,1,Rathbone Way,165 2183,Rathbone_Way.html,1386,1386,9,0,0,0,208.0,96.3
Boulder Street,1,1,Boulder Street,2201 2218 2284,Boulder_Street.html,3540,3540,9,2,1,1,531.5,207.6
Boardwalk Street,1,1,Boardwalk Street,1757 1819,Boardwalk_Street.html,2100,2100,9,2,2,0,314.9,133.6
Hampton Road,1,1,Hampton Road,4377 4386 4399 4618 4621,Hampton_Road.html,3907,3907,9,0,0,0,585.4,207.9
Manoir Lane,1,1,Manoir Lane,2640 2648 2651,Manoir_Lane.html,2055,2055,9,0,0,0,307.6,129.0
Mallard Street,1,1,Mallard Street,7886 7887,Mallard_Street.html,1176,1176,9,1,1,0,175.7,91.0
Constitution Drive,1,1,Constitution Drive,2924 2933 2973 3049 3050,Constitution_Drive.html,10835,10835,9,4,2,2,1626.5,523.0
Basil Common,1,1,Basil Common,3090 3093,Basil_Common.html,855,855,9,0,0,0,127.7,81.6
Melanie Way,1,1,Melanie Way,7302 7307 7310 7314,Melanie_Way.html,4121,4121,9,0,0,0,616.7,208.3
Madeira Way,1,1,Madeira Way,5562 5585 6313 6325 6328 6384 6393,Madeira_Way.html,6130,6130,9,0,0,0,920.4,303.3
Machado Place,1,1,Machado Place,2671,Machado_Place.html,1708,1708,9,0,0,0,256.5,118.0
Peridot Drive,1,1,Peridot Drive,3654 3655 3656,Peridot_Drive.html,1851,1851,9,0,0,0,276.7,114.1
Marcella Street,1,1,Marcella Street,6826 6827 6833 6836 6842 6874,Marcella_Street.html,3594,3594,9,1,1,0,538.1,196.4
Pasatiempo Street,1,1,Pasatiempo Street,8139 8142 8143 8144 8147,Pasatiempo_Street.html,3118,3118,9,1,1,0,466.2,186.0
Calle del Sueno,1,1,Calle del Sueno,4793 4794,Calle_del_Sueno.html,950,950,9,0,0,0,142.6,85.6
Rickenbacker Circle,1,1,Rickenbacker Circle,2916 2917,Rickenbacker_Circle.html,4462,4462,9,2,2,0,670.1,227.9
Freisman Road,1,1,Freisman Road,2470 2519 2596,Freisman_Road.html,4881,4881,9,2,0,2,733.0,249.6
Misty Circle,1,2,Misty Circle 1 of 2,7348 7350 7351 7354 7356 7381 7380 7384,Misty_Circle_1_of_2.html,4180,4180,9,1,1,0,626.6,234.1
Daisyfield Drive,1,1,Daisyfield Drive,3226 3290 3446 3462 3555,Daisyfield_Drive.html,6889,6889,9,1,1,0,1034.9,335.8
Seventh Street,1,1,Seventh Street,5080 5472 5485 5670 5676 5722 5762 5810,Seventh_Street.html,5901,5901,9,0,0,0,885.2,291.2
Silverado Court,1,1,Silverado Court,7546,Silverado_Court.html,815,815,9,0,0,0,122.1,81.0
Francesco Court,1,1,Francesco Court,6488,Francesco_Court.html,1028,1028,9,1,1,0,153.8,92.5
Vivian Drive,1,1,Vivian Drive,7221 7240 7266 7268 7270,Vivian_Drive.html,3750,3750,9,1,1,0,561.6,206.3
Tuileries Avenue,1,1,Tuileries Avenue,3071,Tuileries_Avenue.html,541,541,9,0,0,0,80.9,67.9
Rapallo Common,1,2,Rapallo Common 1 of 2,4807 4816,Rapallo_Common_1_of_2.html,2475,2475,9,2,2,0,371.2,157.1
Lucca Circle,2,2,Lucca Circle 2 of 2,6464,Lucca_Circle_2_of_2.html,519,519,9,1,1,0,77.8,71.2
Vine Drive,1,1,Vine Drive,5403 5425,Vine_Drive.html,996,996,9,1,1,0,149.5,84.7
Vineyard Heights Lane,1,1,Vineyard Heights Lane,2589 2653 2657,Vineyard_Heights_Lane.html,2186,2186,9,1,1,0,328.1,154.3
Welch Lane,1,1,Welch Lane,7006 7007 7514 7517,Welch_Lane.html,1897,1897,9,1,1,0,284.1,130.2
Lake Drive,1,1,Lake Drive,7778 7780,Lake_Drive.html,1178,1178,9,1,1,0,176.8,102.2
Placer Circle,1,2,Placer Circle 1 of 2,4018 4030,Placer_Circle_1_of_2.html,3447,3447,9,3,3,0,517.2,194.5
Tourmaline Avenue,1,1,Tourmaline Avenue,2870 3614 3625 3632 3641 3650 3659,Tourmaline_Avenue.html,3278,3278,9,1,1,0,491.4,182.5
Hawthorne Avenue,1,1,Hawthorne Avenue,7684,Hawthorne_Avenue.html,3710,3710,9,1,1,0,556.9,206.7
Kiwi Common,1,1,Kiwi Common,3100 3102,Kiwi_Common.html,857,857,9,0,0,0,128.1,81.9
Andrews Drive,1,1,Andrews Drive,8 1144 1203,Andrews_Drive.html,3874,3874,9,2,2,0,581.1,219.2
Olmstead Way,1,1,Olmstead Way,6182,Olmstead_Way.html,1120,1120,9,0,0,0,168.2,85.4
Livermore Outlets Drive,1,3,Livermore Outlets Drive 1 of 3,2468,Livermore_Outlets_Drive_1_of_3.html,3829,3829,9,2,2,0,573.8,214.9
Linden Street,1,1,Linden Street,4736 4777 4787 4825 4975 5028 5035,Linden_Street.html,5401,5401,9,1,1,0,810.7,276.6
Lincoln Avenue,1,1,Lincoln Avenue,6226 6227 6177,Lincoln_Avenue.html,2678,2678,9,1,1,0,479.2,153.5
Tait Street,1,1,Tait Street,7008,Tait_Street.html,1376,1376,9,0,0,0,206.3,100.9
Santorina Court,1,1,Santorina Court,4606,Santorina_Court.html,572,572,9,1,1,0,85.8,67.2
Stoneridge Creek Way,3,5,Stoneridge Creek Way 3 of 5,1553 1648,Stoneridge_Creek_Way_3_of_5.html,606,606,9,0,0,0,182.4,71.3
Encino Drive,1,1,Encino Drive,3262 3279 3280 3316 3324 3576,Encino_Drive.html,3150,3150,9,1,0,1,472.4,177.7
Rose Rock Circle,1,1,Rose Rock Circle,67,Rose_Rock_Circle.html,1026,1026,9,1,1,0,153.8,87.9
North Canyons Parkway,2,2,North Canyons Parkway 2 of 2,2979 2986 3020 3052 3055 3059,North_Canyons_Parkway_2_of_2.html,11190,11190,9,1,1,0,1681.1,531.7
Calico Common,1,1,Calico Common,3074 3076,Calico_Common.html,848,848,9,0,0,0,126.8,74.1
Hollyhock Street,1,1,Hollyhock Street,5970 5971 5985 6005 6018,Hollyhock_Street.html,6565,6565,9,1,1,0,983.1,328.0
Irongate Court,1,1,Irongate Court,2209,Irongate_Court.html,1462,1462,9,1,1,0,219.2,106.6
Antonini Way,1,1,Antonini Way,2805 2812,Antonini_Way.html,2910,2910,9,1,1,0,436.5,179.4
Winding Stream Drive,1,1,Winding Stream Drive,7793,Winding_Stream_Drive.html,1715,1715,9,0,0,0,256.7,105.8
Maybeck Lane,1,1,Maybeck Lane,7108,Maybeck_Lane.html,567,567,9,0,0,0,85.1,67.9
South J Street,1,1,South J Street,5075 5077 5760 5767 5768 5806 5807 5811 5814,South_J_Street.html,5707,5707,9,0,0,0,853.7,285.2
Joyce Street,1,1,Joyce Street,7200 7202 7203 7205 7206,Joyce_Street.html,4778,4778,9,0,0,0,714.7,230.7
Almond Avenue,1,1,Almond Avenue,6724 6725 6726 6727 6728 6735 6736 6737,Almond_Avenue.html,5473,5473,9,1,1,0,818.0,263.3
Magnolia Circle,1,1,Magnolia Circle,55 560,Magnolia_Circle.html,1524,1524,9,2,2,0,228.3,117.8
Staples Ranch Drive,1,1,Staples Ranch Drive,1727 1743,Staples_Ranch_Drive.html,1554,1554,9,2,2,0,233.5,117.3
Hillside Avenue,1,1,Hillside Avenue,6306 6334 6338 6345,Hillside_Avenue.html,2357,2357,9,0,0,0,353.6,140.4
Rowell Street,1,1,Rowell Street,6952,Rowell_Street.html,681,681,9,0,0,0,101.8,64.7
Theresa Way,1,1,Theresa Way,7181 7182 7186 7189 7197 7199 7201,Theresa_Way.html,5112,5112,9,0,0,0,765.4,255.2
Bella Oaks Court,2,2,Bella Oaks Court 2 of 2,7535,Bella_Oaks_Court_2_of_2.html,710,710,8,0,0,0,106.5,73.6
Guthrie Street,1,1,Guthrie Street,2149 2241,Guthrie_Street.html,1282,1282,8,2,2,0,192.3,104.9
Mint Common,1,1,Mint Common,3079,Mint_Common.html,465,465,8,0,0,0,69.5,57.1
Mingoia Street,1,1,Mingoia Street,2676 2678,Mingoia_Street.html,1726,1726,8,0,0,0,258.5,126.6
Belmont Court,1,1,Belmont Court,5448,Belmont_Court.html,1094,1094,8,0,0,0,163.7,89.5
Gamay Road,1,1,Gamay Road,5361 5362 5697 5698,Gamay_Road.html,2639,2639,8,2,2,0,394.5,153.5
Gelding Lane,1,1,Gelding Lane,8128 8130 8132 8138,Gelding_Lane.html,4470,4470,8,2,2,0,669.7,227.1
Bradford Way,2,6,Bradford Way 2 of 6,1797 2256,Bradford_Way_2_of_6.html,1167,1167,8,1,1,0,237.7,101.4
Lawson Circle,1,1,Lawson Circle,6947 6959 6960,Lawson_Circle.html,2948,2948,8,0,0,0,441.7,167.2
Sheridan Circle,1,1,Sheridan Circle,6362,Sheridan_Circle.html,2846,2846,8,1,1,0,426.5,168.5
Valenza Way,1,1,Valenza Way,2758 2761 2766,Valenza_Way.html,2149,2149,8,0,0,0,322.4,146.6
Sheffield Drive,1,1,Sheffield Drive,4611,Sheffield_Drive.html,3092,3092,8,0,0,0,463.8,179.1
Lobelia Way,1,1,Lobelia Way,7942 8075 8088,Lobelia_Way.html,3099,3099,8,2,2,0,465.1,173.7
Flagg Lane,3,4,Flagg Lane 3 of 4,6964,Flagg_Lane_3_of_4.html,211,211,8,1,1,0,31.6,59.7
Catalina Drive,1,1,Catalina Drive,3845 3855 3866 3867 3934 3938 4357 4365 4414 4422 4438 4440,Catalina_Drive.html,8611,8611,8,1,1,0,1291.4,412.7
Delucchi Drive,1,1,Delucchi Drive,650 651 653,Delucchi_Drive.html,1819,1819,8,0,0,0,272.1,112.8
Cassia Court,1,1,Cassia Court,1750,Cassia_Court.html,173,173,8,0,0,0,25.9,44.1
Walnut Street,1,1,Walnut Street,4773 4779 4785 4830 4977 5026 5039 5046,Walnut_Street.html,5989,5989,8,0,0,0,898.8,295.7
Laramie Gate Circle,1,1,Laramie Gate Circle,1181 1214,Laramie_Gate_Circle.html,3836,3836,8,1,1,0,575.1,226.1
Las Flores Road,1,5,Las Flores Road 1 of 5,5936 5937 5938 5939 5940 5946,Las_Flores_Road_1_of_5.html,3126,3126,8,0,0,0,467.5,181.4
Brindisi Place,1,1,Brindisi Place,2834,Brindisi_Place.html,1637,1637,8,1,1,0,245.6,131.5
Heinz Ranch Court,1,1,Heinz Ranch Court,2674 2675,Heinz_Ranch_Court.html,792,792,8,0,0,0,118.4,78.2
Livermore Outlets Drive,2,3,Livermore Outlets Drive 2 of 3,2469,Livermore_Outlets_Drive_2_of_3.html,3777,3777,8,2,2,0,566.0,212.4
Wilde Avenue,1,1,Wilde Avenue,153,Wilde_Avenue.html,2126,2126,8,2,2,0,318.8,132.7
Pinnacle Place,1,1,Pinnacle Place,7603,Pinnacle_Place.html,793,793,8,0,0,0,118.8,78.8
Poppybank Court,1,1,Poppybank Court,126,Poppybank_Court.html,1389,1389,8,0,0,0,208.3,112.6
Pinon Way,1,1,Pinon Way,6056 6092,Pinon_Way.html,1304,1304,8,0,0,0,195.8,98.2
Kitty Hawk Road,1,2,Kitty Hawk Road 1 of 2,2716 2919 2925 2926 2946 2974 2709 2712,Kitty_Hawk_Road_1_of_2.html,8602,8602,8,2,2,0,1291.4,420.4
Wildflower Drive,1,1,Wildflower Drive,8065,Wildflower_Drive.html,2784,2784,8,1,1,0,417.5,166.3
Regent Road,1,1,Regent Road,4379 4380 4524 4539 4607 4615,Regent_Road.html,4790,4790,8,1,1,0,718.4,246.3
Redwood Road,1,1,Redwood Road,6057 6064 6065 6073 6076,Redwood_Road.html,2097,2097,8,0,0,0,314.1,127.8
Stacey Way,1,1,Stacey Way,1996,Stacey_Way.html,2062,2062,8,0,0,0,309.1,121.9
Contractors Place,1,1,Contractors Place,6634,Contractors_Place.html,7523,7523,8,1,0,1,1129.1,370.3
Commerce Way,1,1,Commerce Way,7822,Commerce_Way.html,2091,2091,8,0,0,0,313.2,126.5
Clara Lane,1,2,Clara Lane 1 of 2,2338 2342 2332 2335,Clara_Lane_1_of_2.html,1917,1917,8,0,0,0,300.8,122.9
Mezzamonte Court,1,1,Mezzamonte Court,6492,Mezzamonte_Court.html,1061,1061,8,1,1,0,158.7,86.2
Hall Circle,1,1,Hall Circle,7126,Hall_Circle.html,2669,2669,8,1,1,0,399.8,152.3
Shetland Road,1,1,Shetland Road,6104 6105 6106,Shetland_Road.html,2940,2940,8,1,1,0,439.8,165.0
Belmont Drive,1,1,Belmont Drive,5389,Belmont_Drive.html,1216,1216,8,1,1,0,182.5,100.6
Calistoga Court,2,2,Calistoga Court 2 of 2,7499,Calistoga_Court_2_of_2.html,696,696,8,0,0,0,104.1,72.7
Paris Way,1,3,Paris Way 1 of 3,4577 4585 4592 4634 4638 4359,Paris_Way_1_of_3.html,2052,2052,8,0,0,0,357.8,124.4
Romano Circle,1,1,Romano Circle,2744 2750 2759,Romano_Circle.html,3767,3767,8,0,0,0,564.8,214.0
Ruby Road,1,1,Ruby Road,3471 3472 3474 3479 3488,Ruby_Road.html,3502,3502,8,1,1,0,524.2,195.1
Rolling Hills Lane,1,1,Rolling Hills Lane,2588,Rolling_Hills_Lane.html,726,726,8,0,0,0,108.8,77.3
North I Street,1,1,North I Street,5045 5048 5065 5066 5070,North_I_Street.html,3281,3281,8,1,0,1,560.5,185.7
Tapestry Drive,1,1,Tapestry Drive,5365 5376,Tapestry_Drive.html,2486,2486,8,0,0,0,372.6,143.2
Wenig Court,1,1,Wenig Court,2198,Wenig_Court.html,423,423,8,0,0,0,63.4,62.6
Holly Circle,1,1,Holly Circle,116,Holly_Circle.html,1646,1646,8,2,2,0,246.8,115.8
El Charro Road,1,3,El Charro Road 1 of 3,1423 2560 2682 1417 1560 1336 1415 1425 1426 1427 1428 1429,El_Charro_Road_1_of_3.html,42504,42504,8,8,1,7,8751.1,2081.0
Santa Clara Way,1,1,Santa Clara Way,6263 6269 6314 6419,Santa_Clara_Way.html,4021,4021,8,0,0,0,603.9,197.3
Scott Street,1,1,Scott Street,5553 5560 5561,Scott_Street.html,2684,2684,8,1,1,0,402.0,167.5
Stoneridge Creek Way,5,5,Stoneridge Creek Way 5 of 5,1552,Stoneridge_Creek_Way_5_of_5.html,390,390,8,0,0,0,58.3,61.4
East Jack London Boulevard,2,3,East Jack London Boulevard 2 of 3,2909 3395 3417 3429,East_Jack_London_Boulevard_2_of_3.html,4130,4130,8,1,1,0,620.4,223.7
Carnelian Lane,1,1,Carnelian Lane,3621 3622 3623,Carnelian_Lane.html,1099,1099,8,0,0,0,164.0,83.2
Flagg Lane,2,4,Flagg Lane 2 of 4,6963,Flagg_Lane_2_of_4.html,215,215,8,1,1,0,32.2,59.9
Olivina Avenue,2,2,Olivina Avenue 2 of 2,3222 3295 3299 3301 3343 3529 3533 3550 3959 3965 3973,Olivina_Avenue_2_of_2.html,6675,6675,8,2,2,0,1002.1,325.6
Tahoe Drive,1,1,Tahoe Drive,4546 5267 5271 5272 5279 5282,Tahoe_Drive.html,5127,5127,8,2,2,0,768.5,275.0
El Padro Drive,1,1,El Padro Drive,3777 3778 3779 3780 3781 3782 3913 3931,El_Padro_Drive.html,5486,5486,8,1,1,0,820.6,271.6
Rutan Drive,1,1,Rutan Drive,3405 3406,Rutan_Drive.html,4098,4098,8,1,1,0,613.5,225.5
Sunset Drive,1,1,Sunset Drive,4103 4192 4240 4262 4285 4741 4744,Sunset_Drive.html,7332,7332,8,0,0,0,1100.6,341.3
Calle del Rey,1,1,Calle del Rey,4748,Calle_del_Rey.html,1894,1894,8,0,0,0,284.6,118.8
Locomotive Lane,1,1,Locomotive Lane,4840 4947 4969,Locomotive_Lane.html,1344,1344,8,0,0,0,201.5,94.8
San Minete Drive,1,4,San Minete Drive 1 of 4,6505 6508 6516 5405 5411,San_Minete_Drive_1_of_4.html,1727,1727,8,0,0,0,288.1,116.1
Sage Common,1,1,Sage Common,3110 3111,Sage_Common.html,886,886,8,0,0,0,132.4,75.4
Talinga Court,1,1,Talinga Court,5266,Talinga_Court.html,425,425,8,1,1,0,63.5,67.5
Saint Andrews Way,1,1,Saint Andrews Way,7961,Saint_Andrews_Way.html,1985,1985,8,1,1,0,298.0,131.0
Stone Peak Common,1,1,Stone Peak Common,3033 3038,Stone_Peak_Common.html,710,710,8,0,0,0,106.4,68.4
Dover Way,1,1,Dover Way,3184 3189 3209 3215 3353 3364,Dover_Way.html,3152,3152,8,0,0,0,472.7,166.6
Owens Drive,2,2,Owens Drive 2 of 2,18 1125 1127 1142,Owens_Drive_2_of_2.html,4336,4336,8,3,2,1,649.8,299.4
Madsen Court,1,1,Madsen Court,2197,Madsen_Court.html,729,729,8,0,0,0,109.3,68.6
Marini Lane,1,1,Marini Lane,7116,Marini_Lane.html,1627,1627,8,1,1,0,243.8,110.3
Alison Circle,1,3,Alison Circle 1 of 3,7246 7248 7250 7251 7254 7332 7336 7328,Alison_Circle_1_of_3.html,6171,6171,8,1,1,0,923.6,303.1
Owl Way,1,1,Owl Way,7872 7890 7891,Owl_Way.html,2705,2705,8,0,0,0,406.2,147.3
Altamar Circle,1,1,Altamar Circle,7911,Altamar_Circle.html,2419,2419,8,2,2,0,363.1,151.9
Windermere Circle,1,1,Windermere Circle,5554 5580,Windermere_Circle.html,3304,3304,8,1,1,0,494.9,186.5
Wildwood Common,1,1,Wildwood Common,7473,Wildwood_Common.html,942,942,8,0,0,0,141.4,76.8
McLarren Court,1,2,McLarren Court 1 of 2,6985 6986,McLarren_Court_1_of_2.html,1266,1266,7,0,0,0,189.4,89.9
Groth Circle,1,1,Groth Circle,600,Groth_Circle.html,1695,1695,7,0,0,0,253.9,109.1
Inman Street,1,1,Inman Street,5478 5609,Inman_Street.html,738,738,7,0,0,0,110.3,68.8
Anza Way,1,1,Anza Way,4334 4341 4667 4883 4885,Anza_Way.html,3069,3069,7,0,0,0,460.6,168.6
Altamar Way,1,1,Altamar Way,7907 7908 7909 8174 8175,Altamar_Way.html,2393,2393,7,1,1,0,357.5,147.3
Ancona Circle,1,1,Ancona Circle,3832,Ancona_Circle.html,2178,2178,7,0,0,0,326.7,128.6
South I Street,1,1,South I Street,5692 5715 5723 5757 5758 5765 5817,South_I_Street.html,4850,4850,7,0,0,0,725.4,247.4
Orloff Drive,1,1,Orloff Drive,46 109 124 141,Orloff_Drive.html,2214,2214,7,0,0,0,332.3,132.9
Orion Way,1,1,Orion Way,3811 3830 3879 3885 4457 4481,Orion_Way.html,4129,4129,7,0,0,0,619.8,209.3
Owens Drive,1,2,Owens Drive 1 of 2,9 17 1126 1128,Owens_Drive_1_of_2.html,4537,4537,7,3,2,1,679.8,310.7
Yolanda Court,1,1,Yolanda Court,2568,Yolanda_Court.html,581,581,7,1,1,0,87.0,75.8
Periwinkle Common,1,2,Periwinkle Common 1 of 2,8189,Periwinkle_Common_1_of_2.html,401,401,7,1,1,0,59.9,59.5
Heather Lane,1,1,Heather Lane,5913 5915 5916 5917 5930,Heather_Lane.html,5766,5766,7,2,2,0,863.6,307.0
Picard Avenue,1,1,Picard Avenue,155,Picard_Avenue.html,1869,1869,7,2,1,1,280.5,127.6
Pickens Lane,1,1,Pickens Lane,1020 1021,Pickens_Lane.html,804,804,7,1,1,0,120.1,85.1
North K Street,1,2,North K Street 1 of 2,4812 4813 4980 4982 4996 5029 5031 5038,North_K_Street_1_of_2.html,6530,6530,7,0,0,0,977.1,319.4
Pendolino Lane,2,5,Pendolino Lane 2 of 5,5349,Pendolino_Lane_2_of_5.html,237,237,7,0,0,0,35.5,46.4
Streamside Circle,3,5,Streamside Circle 3 of 5,1715,Streamside_Circle_3_of_5.html,454,454,7,0,0,0,68.1,63.1
Diamond Drive,1,1,Diamond Drive,3489 3492 3646 3653,Diamond_Drive.html,3207,3207,7,0,0,0,480.7,175.9
Montevino Drive,1,1,Montevino Drive,2364 2365 2366,Montevino_Drive.html,1407,1407,7,0,0,0,210.3,114.0
Paseo Laguna Seco,1,1,Paseo Laguna Seco,4268 4270 4271 4279,Paseo_Laguna_Seco.html,4281,4281,7,3,3,0,641.3,228.1
Danielle Court,1,2,Danielle Court 1 of 2,5402 6521,Danielle_Court_1_of_2.html,749,749,7,0,0,0,112.1,76.4
Danielle Court,2,2,Danielle Court 2 of 2,5401,Danielle_Court_2_of_2.html,174,174,7,0,0,0,26.0,50.9
Carnation Circle,1,1,Carnation Circle,6117 6128 6129,Carnation_Circle.html,2501,2501,7,0,0,0,374.7,142.0
Honeysuckle Road,1,1,Honeysuckle Road,6072 6135 6141,Honeysuckle_Road.html,3245,3245,7,0,0,0,486.1,173.0
Deep Creek Road,1,1,Deep Creek Road,5776 5777,Deep_Creek_Road.html,1147,1147,7,0,0,0,171.5,82.3
Sardonyx Road,1,1,Sardonyx Road,2874,Sardonyx_Road.html,719,719,7,0,0,0,107.5,65.5
Chateau Common,2,5,Chateau Common 2 of 5,6459 6460 6461,Chateau_Common_2_of_5.html,758,758,7,0,0,0,113.0,68.7
El Capitan Drive,1,1,El Capitan Drive,1437 2367,El_Capitan_Drive.html,2155,2155,7,0,0,0,323.0,146.7
California Avenue,1,3,California Avenue 1 of 3,2289 2292,California_Avenue_1_of_3.html,2223,2223,7,2,2,0,381.3,149.0
Safreno Way,1,1,Safreno Way,2673 2680,Safreno_Way.html,2831,2831,7,1,1,0,424.4,184.2
Picholine Court,1,1,Picholine Court,5270,Picholine_Court.html,426,426,7,1,1,0,63.6,60.0
Eighth Street,1,1,Eighth Street,5469 5672 5724 5759 5766 5483,Eighth_Street.html,4667,4667,7,0,0,0,741.0,238.2
Capella Road,1,1,Capella Road,3808 3809,Capella_Road.html,1227,1227,7,0,0,0,183.5,86.6
Maralisa Lane,1,1,Maralisa Lane,8178,Maralisa_Lane.html,773,773,7,0,0,0,115.7,68.9
Zenato Place,2,2,Zenato Place 2 of 2,2728,Zenato_Place_2_of_2.html,636,636,7,1,1,0,95.4,79.1
Meadow Drive,1,1,Meadow Drive,7857 7859,Meadow_Drive.html,1721,1721,7,0,0,0,257.4,114.3
Kellogg Loop,2,2,Kellogg Loop 2 of 2,6987,Kellogg_Loop_2_of_2.html,388,388,7,0,0,0,58.0,60.2
Lotus Street,1,1,Lotus Street,1731 1741,Lotus_Street.html,1776,1776,7,1,1,0,265.7,116.7
Big Basin Road,1,2,Big Basin Road 1 of 2,7963 7966,Big_Basin_Road_1_of_2.html,1594,1594,7,2,2,0,238.3,107.7
Big Basin Road,2,2,Big Basin Road 2 of 2,7967 7962,Big_Basin_Road_2_of_2.html,1531,1531,7,1,1,0,229.0,104.4
Bay Meadows Court,1,1,Bay Meadows Court,5446,Bay_Meadows_Court.html,858,858,7,0,0,0,128.2,78.8
Yorkshire Drive,1,1,Yorkshire Drive,5639 5640,Yorkshire_Drive.html,1054,1054,7,0,0,0,157.6,81.7
Airway Boulevard,2,2,Airway Boulevard 2 of 2,2699 2700 2702 2703 2704 3054 3057,Airway_Boulevard_2_of_2.html,3909,3909,7,2,0,2,584.3,235.8
Marigold Road,1,1,Marigold Road,5933 5934 5964 5965 5968 6008 6010,Marigold_Road.html,6232,6232,7,1,1,0,933.4,313.3
Lerida Court,1,2,Lerida Court 1 of 2,5199 5200,Lerida_Court_1_of_2.html,866,866,7,0,0,0,129.5,82.2
Smoke Bellew Road,1,1,Smoke Bellew Road,3734,Smoke_Bellew_Road.html,1834,1834,7,1,1,0,274.8,117.5
South H Street,1,1,South H Street,5671 5717 5719 5725 5728,South_H_Street.html,3529,3529,7,0,0,0,527.9,190.0
Navajo Court,1,1,Navajo Court,1026 1184 1191 1213,Navajo_Court.html,941,941,7,0,0,0,140.7,92.7
Cornerstone Court,1,1,Cornerstone Court,2212 2214 2219 2221 2277,Cornerstone_Court.html,1673,1673,7,2,1,1,250.7,129.6
Coronado Way,1,1,Coronado Way,4364 4412 4421 4435,Coronado_Way.html,2236,2236,7,0,0,0,335.6,130.0
Garaventa Ranch Road,2,3,Garaventa Ranch Road 2 of 3,8163,Garaventa_Ranch_Road_2_of_3.html,1205,1205,7,1,1,0,181.1,102.2
Greenwood Road,1,1,Greenwood Road,1161 1162 1163 1166,Greenwood_Road.html,2484,2484,7,1,1,0,371.5,147.2
Bargmann Lane,3,3,Bargmann Lane 3 of 3,7511,Bargmann_Lane_3_of_3.html,551,551,7,1,1,0,82.7,66.1
Bargmann Lane,2,3,Bargmann Lane 2 of 3,7510,Bargmann_Lane_2_of_3.html,559,559,7,1,1,0,83.8,66.5
Mills Court,1,1,Mills Court,145,Mills_Court.html,510,510,7,0,0,0,76.4,59.0
Reflections Drive,1,1,Reflections Drive,26 2298,Reflections_Drive.html,3627,3627,7,2,2,0,543.9,210.2
Austen Way,1,1,Austen Way,6289 6290,Austen_Way.html,1167,1167,7,0,0,0,174.5,88.8
Chateau Common,1,5,Chateau Common 1 of 5,6455 6456 6465,Chateau_Common_1_of_5.html,1037,1037,7,0,0,0,155.2,79.6
Sinclair Drive,1,1,Sinclair Drive,578,Sinclair_Drive.html,1843,1843,7,0,0,0,276.3,115.8
Misty Circle,2,2,Misty Circle 2 of 2,7379,Misty_Circle_2_of_2.html,369,369,7,0,0,0,55.1,60.1
Charlotte Way,2,3,Charlotte Way 2 of 3,7521 7106 6968 6971 7020,Charlotte_Way_2_of_3.html,3227,3227,7,0,0,0,1555.7,174.1
Atlantis Court,1,1,Atlantis Court,2961,Atlantis_Court.html,1798,1798,7,2,1,1,269.1,129.4
Autinori Court,1,1,Autinori Court,6490,Autinori_Court.html,922,922,7,1,1,0,137.9,80.0
Lin Gate Street,1,1,Lin Gate Street,1153 1216 1226,Lin_Gate_Street.html,1517,1517,7,0,0,0,227.1,102.6
Crestmont Avenue,1,1,Crestmont Avenue,7913 7916 8096 8098 8101,Crestmont_Avenue.html,5013,5013,7,1,1,0,752.9,246.9
Lagrange Lane,1,1,Lagrange Lane,3770 3898,Lagrange_Lane.html,2610,2610,7,0,0,0,392.0,149.3
Harms Drive,1,1,Harms Drive,601 663,Harms_Drive.html,1710,1710,7,1,1,0,256.1,132.7
Kensington Common,1,1,Kensington Common,6319 6320,Kensington_Common.html,1304,1304,7,0,0,0,195.0,99.1
Badger Drive,1,1,Badger Drive,1446 1457,Badger_Drive.html,2752,2752,7,1,1,0,413.1,172.7
Auto Mall Way,1,1,Auto Mall Way,1561 1562 1571,Auto_Mall_Way.html,3192,3192,7,2,1,1,477.5,201.4
Barney Common,1,1,Barney Common,8018,Barney_Common.html,2027,2027,7,0,0,0,304.0,130.1
Lucca Court,1,1,Lucca Court,5517,Lucca_Court.html,1196,1196,7,1,1,0,179.7,97.4
Klondike Road,1,1,Klondike Road,3604 3605,Klondike_Road.html,1405,1405,7,0,0,0,210.1,93.5
Faltings Court,1,1,Faltings Court,6501,Faltings_Court.html,555,555,7,0,0,0,83.3,59.9
Faltings Drive,1,1,Faltings Drive,6495,Faltings_Drive.html,617,617,7,0,0,0,92.7,61.0
Cellars Court,1,1,Cellars Court,4603,Cellars_Court.html,544,544,7,0,0,0,81.2,59.6
Del Norte Drive,1,1,Del Norte Drive,4014 4073 4087 4088 4089,Del_Norte_Drive.html,3847,3847,7,0,0,0,576.4,202.1
Curry Street,1,1,Curry Street,1725 1726,Curry_Street.html,1487,1487,7,1,1,0,222.4,102.8
Stiles Way,1,1,Stiles Way,6994,Stiles_Way.html,268,268,7,0,0,0,40.1,54.6
Derby Court,1,1,Derby Court,5384 5385,Derby_Court.html,767,767,7,0,0,0,114.5,75.6
Rockingham Court,1,1,Rockingham Court,5392,Rockingham_Court.html,443,443,7,1,1,0,66.1,68.5
Dalton Avenue,1,1,Dalton Avenue,5884 8134 8137 8207,Dalton_Avenue.html,5379,5379,7,1,0,1,808.0,269.2
Thomas Court,1,2,Thomas Court 1 of 2,6980 6981,Thomas_Court_1_of_2.html,1327,1327,7,0,0,0,198.5,92.8
Ferndale Court,1,1,Ferndale Court,2179,Ferndale_Court.html,1017,1017,7,0,0,0,152.4,86.8
South O Street,1,1,South O Street,4842 4843 4847 4848 4905 4959 4960,South_O_Street.html,4741,4741,7,0,0,0,709.3,249.5
Clavey River Court,1,1,Clavey River Court,5688,Clavey_River_Court.html,707,707,7,0,0,0,105.7,72.8
Cheryl Drive,1,1,Cheryl Drive,7067 7070 7290,Cheryl_Drive.html,4241,4241,7,0,0,0,635.6,224.6
Gregory Way,1,1,Gregory Way,7003,Gregory_Way.html,563,563,7,0,0,0,84.5,67.1
Pyramid Street,1,1,Pyramid Street,5180 5184 5194 5197 5207 5275 5276 5281,Pyramid_Street.html,3893,3893,7,2,2,0,583.0,222.4
Pullman Street,1,1,Pullman Street,7824,Pullman_Street.html,2947,2947,7,0,0,0,441.4,163.7
Vinci Way,1,3,Vinci Way 1 of 3,3815,Vinci_Way_1_of_3.html,659,659,7,0,0,0,99.0,63.7
Shirley Way,1,1,Shirley Way,6876 6893 6894,Shirley_Way.html,1208,1208,7,0,0,0,181.2,95.1
Foxborough Place,1,1,Foxborough Place,2578,Foxborough_Place.html,472,472,7,0,0,0,70.8,65.4
Chablis Way,1,1,Chablis Way,5458 5510,Chablis_Way.html,2059,2059,6,1,1,0,309.2,130.1
Hillcrest Common,1,1,Hillcrest Common,6230,Hillcrest_Common.html,1213,1213,6,0,0,0,182.2,87.3
Pendolino Lane,3,5,Pendolino Lane 3 of 5,5346,Pendolino_Lane_3_of_5.html,210,210,6,0,0,0,31.5,45.5
Elm Street,1,1,Elm Street,4249 4251 4288 4291 4738 4770 4781 4826 4832 4981,Elm_Street.html,6915,6915,6,1,0,1,1038.1,339.9
Elliott Circle,1,1,Elliott Circle,695,Elliott_Circle.html,1303,1303,6,0,0,0,195.2,99.8
El Dorado Drive,1,1,El Dorado Drive,4323 4324 4325 4360 4361 4411,El_Dorado_Drive.html,4241,4241,6,1,1,0,634.1,220.3
Escondido Circle,1,7,Escondido Circle 1 of 7,3252 3270 3273 3276 3774 3237 3249 3917 3241 3263,Escondido_Circle_1_of_7.html,5647,5647,6,2,2,0,857.3,290.6
Pestana Way,1,1,Pestana Way,5499 5534 5538 5541 6423 6442 6486,Pestana_Way.html,6643,6643,6,0,0,0,997.7,309.3
Helen Drive,1,1,Helen Drive,59,Helen_Drive.html,2399,2399,6,1,1,0,359.6,144.9
Tamalpais Avenue,1,1,Tamalpais Avenue,2912 3416 3431 3434,Tamalpais_Avenue.html,2071,2071,6,0,0,0,310.7,122.2
Park Place,1,1,Park Place,1744,Park_Place.html,1397,1397,6,1,1,0,210.0,103.4
Olivia Court,1,1,Olivia Court,606 657,Olivia_Court.html,911,911,6,1,1,0,136.2,88.3
Park Street,1,1,Park Street,4684 4783 4828 4973 4979 5032 5043,Park_Street.html,5439,5439,6,1,0,1,816.5,277.9
Mount Day Drive,1,1,Mount Day Drive,8102,Mount_Day_Drive.html,1120,1120,6,0,0,0,167.9,83.8
Olivoro Court,1,1,Olivoro Court,5286,Olivoro_Court.html,565,565,6,1,1,0,84.5,65.8
Exchange Court,1,1,Exchange Court,7403,Exchange_Court.html,1059,1059,6,0,0,0,158.5,89.7
Enterprise Court,1,1,Enterprise Court,7688,Enterprise_Court.html,1363,1363,6,0,0,0,204.3,95.7
Evans Street,1,1,Evans Street,4629 4630 4631 4632 4633,Evans_Street.html,1439,1439,6,0,0,0,214.7,95.6
Estates Street,1,1,Estates Street,6315 6316 6317 6478 6479 6480 6481 6482 6483 6484,Estates_Street.html,5413,5413,6,2,2,0,809.0,258.7
Norma Way,1,1,Norma Way,7098 7100 7143 7145,Norma_Way.html,3741,3741,6,0,0,0,561.4,198.0
Montori Court,1,1,Montori Court,3682 3683 3684,Montori_Court.html,2156,2156,6,0,0,0,323.5,139.1
Periwinkle Common,2,2,Periwinkle Common 2 of 2,8190,Periwinkle_Common_2_of_2.html,400,400,6,1,1,0,59.8,59.0
Pienza Street,1,1,Pienza Street,4459 4460,Pienza_Street.html,1028,1028,6,0,0,0,153.6,86.9
Diavila Court,1,1,Diavila Court,1075,Diavila_Court.html,413,413,6,0,0,0,61.8,61.1
Doolan Road,1,1,Doolan Road,2638 2686,Doolan_Road.html,30466,30466,6,2,0,2,4565.4,1343.9
Sugar Pine Way,1,1,Sugar Pine Way,6061,Sugar_Pine_Way.html,1292,1292,6,0,0,0,194.1,90.1
Stone Pointe Way,1,1,Stone Pointe Way,66 76 550 556,Stone_Pointe_Way.html,2161,2161,6,0,0,0,323.9,131.5
Streamside Circle,4,5,Streamside Circle 4 of 5,1716 1717,Streamside_Circle_4_of_5.html,348,348,6,0,0,0,52.0,59.4
Montrose Place,1,2,Montrose Place 1 of 2,6352,Montrose_Place_1_of_2.html,2934,2934,6,1,1,0,440.4,173.1
Salvia Common,1,1,Salvia Common,3092,Salvia_Common.html,375,375,6,0,0,0,56.0,51.7
Saint Helena Court,2,2,Saint Helena Court 2 of 2,7527,Saint_Helena_Court_2_of_2.html,1063,1063,6,0,0,0,158.9,86.7
Channi Loop,2,4,Channi Loop 2 of 4,3107,Channi_Loop_2_of_4.html,326,326,6,0,0,0,48.7,50.0
Jessica Drive,1,1,Jessica Drive,7277 7280 7281 7283 7292,Jessica_Drive.html,3947,3947,6,0,0,0,590.6,204.1
Inverness Way,1,1,Inverness Way,6322 6416,Inverness_Way.html,1021,1021,6,0,0,0,153.2,86.4
Oregano Court,1,1,Oregano Court,1752,Oregano_Court.html,177,177,6,0,0,0,26.4,43.7
Marlboro Way,1,2,Marlboro Way 1 of 2,311,Marlboro_Way_1_of_2.html,597,597,6,0,0,0,89.4,69.7
Megan Road,1,1,Megan Road,6742 6743 6900 6905,Megan_Road.html,2495,2495,6,0,0,0,373.4,144.9
Maria Street,1,1,Maria Street,1535 1536,Maria_Street.html,1466,1466,6,1,1,0,219.1,101.6
Armstrong Drive,1,1,Armstrong Drive,649,Armstrong_Drive.html,1128,1128,6,0,0,0,169.1,85.6
Altamont Circle,1,1,Altamont Circle,7867,Altamont_Circle.html,2650,2650,6,0,0,0,397.0,144.7
Wood Street,1,1,Wood Street,5659,Wood_Street.html,620,620,6,0,0,0,93.0,70.9
Windswept Common,3,3,Windswept Common 3 of 3,7396 7367 7372,Windswept_Common_3_of_3.html,503,503,6,0,0,0,190.3,64.9
Stonebridge Road,1,1,Stonebridge Road,4385,Stonebridge_Road.html,2944,2944,6,1,1,0,441.2,166.6
Brockton Drive,1,1,Brockton Drive,344,Brockton_Drive.html,644,644,6,0,0,0,96.3,70.3
San Minete Drive,3,4,San Minete Drive 3 of 4,6519 6503 5423,San_Minete_Drive_3_of_4.html,480,480,6,0,0,0,330.4,64.8
San Minete Drive,4,4,San Minete Drive 4 of 4,6518 6504 5424,San_Minete_Drive_4_of_4.html,475,475,6,0,0,0,329.6,64.7
Sandstone Court,1,1,Sandstone Court,2258,Sandstone_Court.html,451,451,6,1,1,0,67.6,62.1
Patcham Common,1,1,Patcham Common,5608 5636 5648,Patcham_Common.html,2325,2325,6,0,0,0,348.6,144.9
East Jack London Boulevard,1,3,East Jack London Boulevard 1 of 3,2913 3396 3430 3193 3217 3346 3357,East_Jack_London_Boulevard_1_of_3.html,8227,8227,6,0,0,0,1235.9,382.5
San Minete Drive,2,4,San Minete Drive 2 of 4,6499 5422,San_Minete_Drive_2_of_4.html,584,584,6,0,0,0,414.5,67.6
Swan Drive,1,1,Swan Drive,3397 3398 3399 3528,Swan_Drive.html,3828,3828,6,1,1,0,573.4,209.2
Terminal Circle,1,1,Terminal Circle,2691 2698,Terminal_Circle.html,2450,2450,6,1,1,0,367.6,153.3
Busch Road,1,1,Busch Road,1736 2204 2205 2215 2217 2276 2281 2282 2283,Busch_Road.html,7868,7868,6,3,3,0,1181.7,384.3
Lloyd Street,1,1,Lloyd Street,3286 3288 3291 3292,Lloyd_Street.html,2264,2264,6,1,1,0,338.6,136.5
Neptune Road,1,2,Neptune Road 1 of 2,3862 3878,Neptune_Road_1_of_2.html,2670,2670,6,0,0,0,399.6,151.8
Berryessa Street,1,1,Berryessa Street,7835,Berryessa_Street.html,1459,1459,6,0,0,0,218.7,98.1
Franklin Lane,1,1,Franklin Lane,7999,Franklin_Lane.html,1818,1818,6,0,0,0,272.4,122.6
Leisure Street,1,1,Leisure Street,7828,Leisure_Street.html,1864,1864,6,0,0,0,279.2,124.2
Crescent Court,1,1,Crescent Court,5433,Crescent_Court.html,771,771,6,0,0,0,115.8,75.3
Selvante Street,1,1,Selvante Street,2832,Selvante_Street.html,1539,1539,6,0,0,0,230.8,113.0
Rhonda Lane,1,1,Rhonda Lane,6843,Rhonda_Lane.html,2949,2949,6,1,1,0,442.4,163.8
Shearwater Road,1,1,Shearwater Road,1167 1174,Shearwater_Road.html,1733,1733,6,0,0,0,260.2,111.0
Curlew Road,1,1,Curlew Road,3387 3388 3389 3547,Curlew_Road.html,4682,4682,6,0,0,0,700.9,230.7
Traviso Circle,1,1,Traviso Circle,3806,Traviso_Circle.html,3115,3115,6,1,0,1,467.5,184.3
Florence Road,1,1,Florence Road,4891 4892 4893 4894 4895,Florence_Road.html,3731,3731,6,0,0,0,557.8,188.5
Rhone Drive,1,1,Rhone Drive,5450,Rhone_Drive.html,1607,1607,6,0,0,0,240.9,104.6
Utah Street,1,1,Utah Street,2308 2312,Utah_Street.html,1185,1185,6,0,0,0,177.8,95.5
Ridgecrest Circle,1,1,Ridgecrest Circle,5558 5567 5572 6377,Ridgecrest_Circle.html,2955,2955,6,1,1,0,442.4,172.9
Fontonett Avenue,1,1,Fontonett Avenue,3577 3739 3746 3766 3776,Fontonett_Avenue.html,3687,3687,6,0,0,0,553.5,190.2
North M Street,1,1,North M Street,4786 4788 4798 4827 4829 4833 4972,North_M_Street.html,5105,5105,6,0,0,0,764.0,256.0
Moller Drive,1,1,Moller Drive,661 688 691 694 715,Moller_Drive.html,1791,1791,6,1,1,0,268.5,121.0
Torrey Pine Way,1,1,Torrey Pine Way,6063,Torrey_Pine_Way.html,1273,1273,6,0,0,0,191.4,90.3
Tivoli Court,1,1,Tivoli Court,4510,Tivoli_Court.html,283,283,6,1,1,0,42.4,55.3
Buckhorn Creek Road,1,1,Buckhorn Creek Road,5699 5700,Buckhorn_Creek_Road.html,1157,1157,6,1,1,0,172.9,89.2
Jensen Street,1,1,Jensen Street,6385 6386 6432 6433 6434 6435 6437 6438 6439 6440 6441,Jensen_Street.html,4633,4633,6,1,1,0,691.9,229.3
Aster Lane,1,1,Aster Lane,6020 6026,Aster_Lane.html,2687,2687,6,0,0,0,402.7,152.2
Wheatman Court,1,1,Wheatman Court,1754,Wheatman_Court.html,191,191,6,0,0,0,28.5,44.3
Augusta Way,1,1,Augusta Way,7935 7957 7960 7965,Augusta_Way.html,1915,1915,6,1,1,0,287.3,120.9
Lakeside Circle,1,1,Lakeside Circle,3795,Lakeside_Circle.html,2278,2278,6,1,1,0,341.4,140.1
Danielle Lane,3,4,Danielle Lane 3 of 4,5397,Danielle_Lane_3_of_4.html,430,430,6,0,0,0,64.3,55.4
Danielle Lane,4,4,Danielle Lane 4 of 4,5398,Danielle_Lane_4_of_4.html,380,380,6,0,0,0,56.7,52.4
Heidelberg Drive,1,1,Heidelberg Drive,4563 4571 5211 5219 5222 5227 5235,Heidelberg_Drive.html,6589,6589,6,0,0,0,988.8,320.9
Bresso Drive,1,1,Bresso Drive,4471,Bresso_Drive.html,1720,1720,6,0,0,0,257.6,110.2
Kings River Road,1,1,Kings River Road,5788 5789,Kings_River_Road.html,977,977,6,0,0,0,146.1,76.7
Hayes Avenue,1,1,Hayes Avenue,6195 6221 6222 6224,Hayes_Avenue.html,1967,1967,6,1,1,0,294.2,133.6
K Hatsushi View,1,1,K Hatsushi View,2352 2359,K_Hatsushi_View.html,1710,1710,6,0,0,0,256.2,113.6
Novara Street,1,1,Novara Street,4463 4467,Novara_Street.html,1219,1219,6,0,0,0,182.5,89.6
Gach Court,1,1,Gach Court,1758,Gach_Court.html,164,164,6,0,0,0,24.5,43.2
North O Street,1,1,North O Street,4737 4739 4772 4774 4778 4862,North_O_Street.html,4648,4648,6,0,0,0,695.5,236.8
Leland Way,1,1,Leland Way,3846 3850 3854 3864 3865,Leland_Way.html,2615,2615,6,0,0,0,392.4,149.0
South Q Street,1,1,South Q Street,4678 4679 4872 4874 4875 4881 4882,South_Q_Street.html,3204,3204,6,1,1,0,478.8,182.3
South N Street,1,1,South N Street,4919 4927 4931 4953 4956 4957 4965,South_N_Street.html,5010,5010,6,0,0,0,749.4,252.6
Chestnut Street,1,1,Chestnut Street,4683 4688 4836 4861 4970 5030 5037 5042 5044 5067 5835,Chestnut_Street.html,7506,7506,6,0,0,0,1126.1,359.8
Chaucer Way,1,1,Chaucer Way,6151 6588,Chaucer_Way.html,1177,1177,6,2,2,0,176.2,94.9
Lennox Lane,1,1,Lennox Lane,4528 4610,Lennox_Lane.html,1214,1214,6,1,1,0,182.2,101.2
Boulder Court,1,1,Boulder Court,2202,Boulder_Court.html,1437,1437,6,2,2,0,215.0,101.9
Gravina Place,1,2,Gravina Place 1 of 2,2730 2731 2734,Gravina_Place_1_of_2.html,2067,2067,6,0,0,0,309.6,135.9
Hansen Road,3,4,Hansen Road 3 of 4,4490 4508,Hansen_Road_3_of_4.html,411,411,6,0,0,0,61.6,54.4
Verona Avenue,1,1,Verona Avenue,4161 4167 4168 4322 4330,Verona_Avenue.html,2759,2759,6,0,0,0,413.8,150.1
Quince Court,1,1,Quince Court,5918,Quince_Court.html,749,749,6,0,0,0,112.5,75.6
Rainflower Drive,1,1,Rainflower Drive,8025 8026 8027 8029 8053 8050,Rainflower_Drive.html,4768,4768,6,0,0,0,790.9,235.5
Vercelli Way,1,1,Vercelli Way,2831,Vercelli_Way.html,1240,1240,6,0,0,0,185.7,105.8
Mandevilla Court,1,1,Mandevilla Court,1814,Mandevilla_Court.html,157,157,6,0,0,0,23.4,43.2
Voyager Street,1,5,Voyager Street 1 of 5,2939 2936,Voyager_Street_1_of_5.html,1092,1092,6,0,0,0,225.2,88.8
Bennett Drive,1,2,Bennett Drive 1 of 2,6792 6863 6668,Bennett_Drive_1_of_2.html,4860,4860,6,1,1,0,728.6,260.7
Hansen Road,4,4,Hansen Road 4 of 4,4491 4507,Hansen_Road_4_of_4.html,407,407,6,0,0,0,60.9,54.2
Churchill Downs Lane,1,1,Churchill Downs Lane,5383,Churchill_Downs_Lane.html,741,741,6,0,0,0,110.8,74.5
Cindy Lane,1,1,Cindy Lane,6762 6763,Cindy_Lane.html,2093,2093,6,1,1,0,313.4,131.0
Grace Street,1,1,Grace Street,3939 4141 4147 4154,Grace_Street.html,2623,2623,6,0,0,0,393.3,150.5
Mountain Vista Parkway,3,3,Mountain Vista Parkway 3 of 3,7721 7692,Mountain_Vista_Parkway_3_of_3.html,551,551,6,1,1,0,349.8,74.0
Lerida Court,2,2,Lerida Court 2 of 2,5201,Lerida_Court_2_of_2.html,46,46,6,0,0,0,6.7,45.5
Cromwell Street,1,1,Cromwell Street,5018 5019,Cromwell_Street.html,1713,1713,6,0,0,0,256.2,108.9
Cromwell Way,1,2,Cromwell Way 1 of 2,4808 4990 4993,Cromwell_Way_1_of_2.html,1481,1481,6,0,0,0,222.4,100.8
Chocolate Street,1,1,Chocolate Street,1541 1543,Chocolate_Street.html,2210,2210,6,1,1,0,330.9,149.1
Chatham Place,1,1,Chatham Place,1780 1782 1783,Chatham_Place.html,1800,1800,6,2,2,0,269.1,118.1
Via Granada,1,1,Via Granada,4327 4328 4332 4333,Via_Granada.html,4309,4309,6,1,0,1,644.7,216.9
Kellogg Court,1,1,Kellogg Court,6990,Kellogg_Court.html,782,782,6,0,0,0,116.9,76.1
Portsmouth Court,1,1,Portsmouth Court,2176,Portsmouth_Court.html,1056,1056,6,1,1,0,158.6,95.0
Maple Leaf Court,1,1,Maple Leaf Court,129,Maple_Leaf_Court.html,664,664,6,0,0,0,99.3,64.5
Amalfi Common,1,1,Amalfi Common,4803,Amalfi_Common.html,508,508,5,0,0,0,75.9,65.0
Amberwood Way,1,1,Amberwood Way,6361,Amberwood_Way.html,2507,2507,5,0,0,0,376.1,143.4
Alice Way,1,1,Alice Way,3322 3326 3560,Alice_Way.html,1518,1518,5,1,1,0,227.8,105.2
Ironwood Drive,3,4,Ironwood Drive 3 of 4,2262,Ironwood_Drive_3_of_4.html,298,298,5,0,0,0,44.6,49.6
Iroquois Avenue,1,1,Iroquois Avenue,4032 4033 4034 4049,Iroquois_Avenue.html,2170,2170,5,0,0,0,324.2,124.0
Albatross Avenue,1,1,Albatross Avenue,4115 4116 4117 4118 4119,Albatross_Avenue.html,2880,2880,5,1,1,0,430.5,159.5
Yellowstone Way,1,1,Yellowstone Way,3425,Yellowstone_Way.html,1270,1270,5,1,1,0,190.4,97.2
Yorkshire Court,1,2,Yorkshire Court 1 of 2,5645,Yorkshire_Court_1_of_2.html,682,682,5,0,0,0,102.5,74.2
Wright Brothers Avenue,1,1,Wright Brothers Avenue,3415 3432,Wright_Brothers_Avenue.html,2295,2295,5,2,2,0,344.8,138.8
McLarren Court,2,2,McLarren Court 2 of 2,6984,McLarren_Court_2_of_2.html,302,302,5,0,0,0,45.0,48.7
Guzman Parkway,3,3,Guzman Parkway 3 of 3,2157,Guzman_Parkway_3_of_3.html,340,340,5,0,0,0,50.8,51.4
Vinci Way,3,3,Vinci Way 3 of 3,3810,Vinci_Way_3_of_3.html,192,192,5,0,0,0,28.7,44.2
Bishop Pine Way,1,1,Bishop Pine Way,6062,Bishop_Pine_Way.html,1304,1304,5,0,0,0,195.9,91.1
Vienna Street,1,1,Vienna Street,5134 5135 5136 5138,Vienna_Street.html,3362,3362,5,0,0,0,502.7,173.8
Golf Drive,1,1,Golf Drive,6109 6110 6118,Golf_Drive.html,3199,3199,5,2,2,0,479.7,182.4
Quarry Lane,1,1,Quarry Lane,134 135 137 138 139 140 133,Quarry_Lane.html,3796,3796,5,0,0,0,567.2,194.4
Fruitwood Common,1,1,Fruitwood Common,7058,Fruitwood_Common.html,141,141,5,0,0,0,21.0,42.1
Galloway Street,1,1,Galloway Street,6121,Galloway_Street.html,560,560,5,0,0,0,84.0,60.5
Manchester Street,1,1,Manchester Street,94 309 310,Manchester_Street.html,1745,1745,5,2,2,0,261.0,123.1
Rapallo Common,2,2,Rapallo Common 2 of 2,4818 4820,Rapallo_Common_2_of_2.html,340,340,5,0,0,0,50.9,58.6
Raccolio Way,1,1,Raccolio Way,3679,Raccolio_Way.html,1261,1261,5,0,0,0,189.3,87.9
Railroad Avenue,3,5,Railroad Avenue 3 of 5,4941 5826,Railroad_Avenue_3_of_5.html,747,747,5,0,0,0,473.2,76.0
Bolla Court,1,1,Bolla Court,2821,Bolla_Court.html,839,839,5,0,0,0,125.8,88.4
Grappa Place,1,1,Grappa Place,2735 2737,Grappa_Place.html,1606,1606,5,1,1,0,240.6,121.1
Hansen Road,2,4,Hansen Road 2 of 4,5296 5300,Hansen_Road_2_of_4.html,1558,1558,5,1,1,0,234.0,110.5
Baltusrol Court,1,2,Baltusrol Court 1 of 2,7934,Baltusrol_Court_1_of_2.html,704,704,5,0,0,0,105.2,65.0
Barleta Court,1,1,Barleta Court,3807,Barleta_Court.html,954,954,5,0,0,0,143.2,84.9
Rickenbacker Place,1,1,Rickenbacker Place,3433,Rickenbacker_Place.html,1068,1068,5,0,0,0,160.5,87.6
Valley of the Moon Road,1,1,Valley of the Moon Road,3744 3745,Valley_of_the_Moon_Road.html,1692,1692,5,0,0,0,253.0,107.5
Vantini Way,1,1,Vantini Way,2846,Vantini_Way.html,1362,1362,5,0,0,0,204.5,110.8
Briones Lane,1,1,Briones Lane,144,Briones_Lane.html,375,375,5,0,0,0,56.0,51.6
Trebbiano Place,2,3,Trebbiano Place 2 of 3,3689,Trebbiano_Place_2_of_3.html,583,583,5,0,0,0,87.3,69.4
Trenery Drive,1,1,Trenery Drive,156,Trenery_Drive.html,3033,3033,5,1,1,0,455.8,182.1
Lusitana Court,1,1,Lusitana Court,4540,Lusitana_Court.html,444,444,5,0,0,0,66.4,60.9
Foxglove Court,1,1,Foxglove Court,1809,Foxglove_Court.html,202,202,5,0,0,0,30.1,44.8
Tulip Way,1,1,Tulip Way,5969 5983,Tulip_Way.html,2533,2533,5,0,0,0,379.3,145.4
Brookdale Lane,1,3,Brookdale Lane 1 of 3,7854,Brookdale_Lane_1_of_3.html,1390,1390,5,2,2,0,208.0,98.9
Pontina Court,1,1,Pontina Court,2794,Pontina_Court.html,1175,1175,5,0,0,0,175.8,103.9
Old First Street,1,1,Old First Street,5632 5634 5638 5745 5746,Old_First_Street.html,2825,2825,5,1,1,0,423.1,171.5
Karen Way,1,1,Karen Way,3289,Karen_Way.html,530,530,5,0,0,0,79.6,58.3
Harewood Drive,1,1,Harewood Drive,5017 5051,Harewood_Drive.html,2617,2617,5,0,0,0,392.9,146.2
Pleasant View Lane,1,1,Pleasant View Lane,5790,Pleasant_View_Lane.html,1682,1682,5,0,0,0,252.8,111.5
Plumeria Court,1,1,Plumeria Court,577,Plumeria_Court.html,681,681,5,0,0,0,102.1,66.1
Farnsworth Drive,1,1,Farnsworth Drive,5016 5053 5063 5842,Farnsworth_Drive.html,4322,4322,5,0,0,0,648.0,225.8
Fawn Drive,1,1,Fawn Drive,6583,Fawn_Drive.html,1293,1293,5,0,0,0,193.9,92.5
Lagiss Court,1,1,Lagiss Court,4526,Lagiss_Court.html,397,397,5,0,0,0,59.2,52.7
Laguna Street,1,1,Laguna Street,3311 3312 3313 3314 3315 3748,Laguna_Street.html,4400,4400,5,1,1,0,658.3,222.5
Bridle Path Court,1,1,Bridle Path Court,7765,Bridle_Path_Court.html,655,655,5,1,1,0,98.0,75.9
Half Dome Way,1,1,Half Dome Way,7964 7968,Half_Dome_Way.html,601,601,5,1,1,0,90.0,67.3
Barouni Court,2,2,Barouni Court 2 of 2,5379,Barouni_Court_2_of_2.html,324,324,5,0,0,0,48.3,49.6
Voyager Street,2,5,Voyager Street 2 of 5,2940 2944,Voyager_Street_2_of_5.html,713,713,5,1,1,0,106.5,73.0
Waverley Way,1,1,Waverley Way,5622 5625 5861 5862,Waverley_Way.html,3347,3347,5,0,0,0,502.2,186.1
Autumn Way,1,1,Autumn Way,7035,Autumn_Way.html,353,353,5,0,0,0,52.9,50.7
Wedgewood Way,1,1,Wedgewood Way,4531 4532 4573,Wedgewood_Way.html,2775,2775,5,1,1,0,415.2,161.2
Flagg Lane,4,4,Flagg Lane 4 of 4,6966,Flagg_Lane_4_of_4.html,53,53,5,0,0,0,7.8,45.7
Flagstone Common,1,1,Flagstone Common,3517,Flagstone_Common.html,370,370,5,0,0,0,55.3,52.4
Lockhart Lane,1,1,Lockhart Lane,1058,Lockhart_Lane.html,871,871,5,0,0,0,130.8,79.5
Terra Way,1,1,Terra Way,2869,Terra_Way.html,607,607,5,0,0,0,91.1,61.3
Terrazzo Court,1,1,Terrazzo Court,2195,Terrazzo_Court.html,1211,1211,5,0,0,0,181.5,94.6
Thomas Court,2,2,Thomas Court 2 of 2,6979,Thomas_Court_2_of_2.html,278,278,5,0,0,0,41.5,47.9
Thunder Common,1,1,Thunder Common,7388 7389,Thunder_Common.html,1126,1126,5,0,0,0,168.6,83.6
Bristlecone Way,1,1,Bristlecone Way,6054 6095,Bristlecone_Way.html,1595,1595,5,0,0,0,239.6,102.7
Rockrose Street,1,1,Rockrose Street,3461,Rockrose_Street.html,2067,2067,5,1,1,0,309.8,132.4
Cabernet Way,1,1,Cabernet Way,5706 5781 5799,Cabernet_Way.html,2212,2212,5,1,1,0,332.1,131.8
Falcon Way,1,1,Falcon Way,4056 4122 4123,Falcon_Way.html,3093,3093,5,0,0,0,462.7,161.6
Ruby Hill Boulevard,1,2,Ruby Hill Boulevard 1 of 2,2785,Ruby_Hill_Boulevard_1_of_2.html,1196,1196,5,1,1,0,179.0,103.1
Ruby Hill Boulevard,2,2,Ruby Hill Boulevard 2 of 2,2786,Ruby_Hill_Boulevard_2_of_2.html,1178,1178,5,1,1,0,176.4,102.3
Emerson Drive,1,1,Emerson Drive,6282 6293,Emerson_Drive.html,3101,3101,5,1,1,0,465.3,181.1
Erica Way,1,1,Erica Way,6849 6850 6869,Erica_Way.html,1861,1861,5,1,1,0,279.1,122.3
El Charro Road,2,3,El Charro Road 2 of 3,1335 1337 1413 1432 1433 1434,El_Charro_Road_2_of_3.html,4925,4925,5,3,1,2,737.0,301.8
Elvira Street,1,1,Elvira Street,3557 3558 3559,Elvira_Street.html,2715,2715,5,1,1,0,406.1,151.4
Wellingham Drive,1,1,Wellingham Drive,5052 5057 5843 5860,Wellingham_Drive.html,3643,3643,5,0,0,0,546.6,195.2
Pendolino Lane,4,5,Pendolino Lane 4 of 5,5347,Pendolino_Lane_4_of_5.html,203,203,5,0,0,0,30.4,45.5
Hearst Street,1,1,Hearst Street,6958,Hearst_Street.html,899,899,5,0,0,0,134.4,72.7
Edelweiss Way,1,1,Edelweiss Way,7941,Edelweiss_Way.html,1384,1384,5,1,1,0,208.0,98.9
Norfolk Road,1,1,Norfolk Road,4041,Norfolk_Road.html,2679,2679,5,1,1,0,401.3,150.6
Caliente Avenue,1,1,Caliente Avenue,3247 3920 3937 4142,Caliente_Avenue.html,4950,4950,5,0,0,0,742.9,249.9
Canterbury Avenue,1,1,Canterbury Avenue,3869 3911,Canterbury_Avenue.html,3051,3051,5,0,0,0,457.8,168.4
Sutter Street,1,2,Sutter Street 1 of 2,3173 3179,Sutter_Street_1_of_2.html,2231,2231,5,1,1,0,333.8,133.1
Rutgers Way,1,1,Rutgers Way,6531 6532,Rutgers_Way.html,831,831,5,0,0,0,124.2,70.7
Rutherford Court,2,2,Rutherford Court 2 of 2,7536,Rutherford_Court_2_of_2.html,407,407,5,0,0,0,60.8,60.6
Saginaw Circle,1,2,Saginaw Circle 1 of 2,1139,Saginaw_Circle_1_of_2.html,1381,1381,5,2,2,0,207.0,110.4
Saginaw Circle,2,2,Saginaw Circle 2 of 2,1151,Saginaw_Circle_2_of_2.html,707,707,5,0,0,0,105.7,74.4
Lodestone Road,1,1,Lodestone Road,3649,Lodestone_Road.html,982,982,5,0,0,0,146.9,77.4
Montana Drive,1,1,Montana Drive,1528 1529 1530 1531 1532,Montana_Drive.html,1231,1231,5,1,1,0,183.4,100.6
Independence Drive,1,2,Independence Drive 1 of 2,2948 2982 2984,Independence_Drive_1_of_2.html,4639,4639,5,0,0,0,695.0,248.1
Mendocino Road,1,1,Mendocino Road,4005 4006,Mendocino_Road.html,1656,1656,5,0,0,0,247.7,104.5
Peary Way,1,1,Peary Way,4922 5127 5133 5146,Peary_Way.html,2207,2207,5,0,0,0,331.3,130.8
Montrose Place,2,2,Montrose Place 2 of 2,2679,Montrose_Place_2_of_2.html,1361,1361,5,0,0,0,204.4,96.4
Carrara Way,1,1,Carrara Way,3824,Carrara_Way.html,1745,1745,5,0,0,0,261.7,113.1
Carrisa Court,1,1,Carrisa Court,2246,Carrisa_Court.html,175,175,5,0,0,0,26.0,43.7
Carson Pass Way,1,1,Carson Pass Way,7893,Carson_Pass_Way.html,1291,1291,5,0,0,0,193.9,89.6
Streamside Circle,2,5,Streamside Circle 2 of 5,1646,Streamside_Circle_2_of_5.html,588,588,5,1,1,0,88.1,75.6
Camrose Avenue,1,1,Camrose Avenue,6266 6309,Camrose_Avenue.html,1110,1110,5,0,0,0,166.4,85.1
Stone Canyon Court,1,1,Stone Canyon Court,2227,Stone_Canyon_Court.html,392,392,5,0,0,0,58.7,53.4
Chalon Glen Court,1,1,Chalon Glen Court,5453,Chalon_Glen_Court.html,705,705,5,0,0,0,105.4,64.9
Channi Loop,1,4,Channi Loop 1 of 4,3124,Channi_Loop_1_of_4.html,331,331,5,0,0,0,49.4,49.9
Dolores Street,1,1,Dolores Street,5527 5528 5529 5530 5531,Dolores_Street.html,2821,2821,5,0,0,0,421.7,150.0
Starling Avenue,1,1,Starling Avenue,3195 3196 3297 3298,Starling_Avenue.html,2259,2259,5,1,1,0,337.5,133.1
Discovery Drive,4,4,Discovery Drive 4 of 4,2953 2954 2956 2957,Discovery_Drive_4_of_4.html,1257,1257,5,2,2,0,187.6,102.7
Saratoga Court,1,1,Saratoga Court,5387,Saratoga_Court.html,903,903,5,1,1,0,135.1,88.9
Chalmette Road,1,1,Chalmette Road,2893 3457 3458,Chalmette_Road.html,1758,1758,5,2,2,0,262.9,117.6
Palomino Road,1,1,Palomino Road,6102 6107,Palomino_Road.html,3107,3107,5,1,1,0,465.4,171.4
Pandorea Court,1,1,Pandorea Court,1812,Pandorea_Court.html,170,170,5,0,0,0,25.4,43.5
Hoya Common,1,1,Hoya Common,3097,Hoya_Common.html,512,512,5,0,0,0,76.4,58.6
Huntington Way,1,1,Huntington Way,3182 3187 3213 4003,Huntington_Way.html,2695,2695,5,0,0,0,404.0,152.9
Katrina Street,1,1,Katrina Street,7174 7175 7176 7179 7180 7191,Katrina_Street.html,3778,3778,5,0,0,0,565.2,199.7
Old Santa Rita Road,3,3,Old Santa Rita Road 3 of 3,1017,Old_Santa_Rita_Road_3_of_3.html,116,116,5,0,0,0,17.3,48.9
Mount Hamilton Court,2,2,Mount Hamilton Court 2 of 2,8103,Mount_Hamilton_Court_2_of_2.html,375,375,5,0,0,0,56.3,51.9
Cedrus Court,1,1,Cedrus Court,1778,Cedrus_Court.html,154,154,5,0,0,0,22.9,49.9
Deer Hollow Lane,1,1,Deer Hollow Lane,4505 4506,Deer_Hollow_Lane.html,1316,1316,5,0,0,0,196.7,90.5
Del Monte Street,1,1,Del Monte Street,7919 7920 8146 8150 8151 8152,Del_Monte_Street.html,3798,3798,5,1,1,0,569.1,197.5
Sterling Way,1,1,Sterling Way,5217 5218,Sterling_Way.html,426,426,5,1,1,0,63.6,66.7
Stetson Way,1,1,Stetson Way,3169 3174,Stetson_Way.html,1613,1613,5,0,0,0,242.2,102.4
Lincoln Way,1,1,Lincoln Way,6174,Lincoln_Way.html,525,525,5,0,0,0,78.6,59.0
Morganfield Road,1,3,Morganfield Road 1 of 3,679 690 714,Morganfield_Road_1_of_3.html,1548,1548,5,0,0,0,232.2,103.7
Ontario Drive,1,1,Ontario Drive,3317 3747 3767,Ontario_Drive.html,5147,5147,5,2,2,0,771.8,254.2
Whippoorwill Street,1,1,Whippoorwill Street,7889,Whippoorwill_Street.html,1144,1144,5,0,0,0,171.1,82.0
Annis Circle,1,1,Annis Circle,1868,Annis_Circle.html,1989,1989,5,1,1,0,298.2,126.1
Jefferson Avenue,1,1,Jefferson Avenue,6566 6567 6568 6569,Jefferson_Avenue.html,2916,2916,5,0,0,0,436.0,155.6
Jami Street,1,1,Jami Street,6604,Jami_Street.html,1035,1035,5,1,1,0,154.9,86.3
Leafcrest Common,1,1,Leafcrest Common,8205,Leafcrest_Common.html,193,193,5,0,0,0,28.7,44.3
Las Positas Road,3,6,Las Positas Road 3 of 6,5013 5576 5624,Las_Positas_Road_3_of_6.html,10573,10573,5,2,0,2,1588.5,508.2
Las Positas Road,5,6,Las Positas Road 5 of 6,6149 6592 6595 6601,Las_Positas_Road_5_of_6.html,4515,4515,5,2,2,0,676.9,237.4
Laurel Drive,1,1,Laurel Drive,4052 4059 4106,Laurel_Drive.html,1584,1584,5,0,0,0,237.7,101.1
Sevillano Circle,2,3,Sevillano Circle 2 of 3,5378,Sevillano_Circle_2_of_3.html,653,653,5,0,0,0,97.9,64.3
Crow Court,1,1,Crow Court,1150 1229,Crow_Court.html,412,412,5,0,0,0,61.5,68.6
Crystal Circle,1,1,Crystal Circle,3476 3477,Crystal_Circle.html,3123,3123,5,1,1,0,468.2,178.8
Lemon Common,1,1,Lemon Common,3112,Lemon_Common.html,395,395,5,0,0,0,59.0,52.3
Country Lane,1,2,Country Lane 1 of 2,6730,Country_Lane_1_of_2.html,760,760,5,0,0,0,114.2,66.8
South P Street,2,2,South P Street 2 of 2,4868,South_P_Street_2_of_2.html,1296,1296,5,1,1,0,194.0,98.9
South Sea Way,1,1,South Sea Way,3611,South_Sea_Way.html,1848,1848,5,1,1,0,277.2,118.2
Sonoma Avenue,1,1,Sonoma Avenue,3255 3281 3922 3929,Sonoma_Avenue.html,3145,3145,5,0,0,0,472.5,178.8
Smoketree Commons,2,2,Smoketree Commons 2 of 2,1526 1527,Smoketree_Commons_2_of_2.html,160,160,5,0,0,0,23.8,50.2
Murrieta Boulevard,3,4,Murrieta Boulevard 3 of 4,4169 4318 4112 4137,Murrieta_Boulevard_3_of_4.html,5379,5379,5,1,1,0,807.7,272.4
Murrieta Boulevard,4,4,Murrieta Boulevard 4 of 4,4113 4133,Murrieta_Boulevard_4_of_4.html,2540,2540,5,1,1,0,380.7,152.5
Corte Sueno,1,1,Corte Sueno,4763,Corte_Sueno.html,645,645,5,0,0,0,96.8,63.9
Aria Court,1,1,Aria Court,2865,Aria_Court.html,597,597,5,0,0,0,89.2,60.8
Windswept Common,1,3,Windswept Common 1 of 3,7371 7399,Windswept_Common_1_of_3.html,636,636,5,0,0,0,141.9,70.0
Windswept Common,2,3,Windswept Common 2 of 3,7368 7394,Windswept_Common_2_of_3.html,621,621,5,0,0,0,141.6,69.3
Alvarado Street,1,1,Alvarado Street,566 587 670,Alvarado_Street.html,2282,2282,5,0,0,0,342.7,131.9
Wolf House Dr,1,1,Wolf House Dr,2465 2561,Wolf_House_Dr.html,4894,4894,5,4,1,3,733.3,265.8
Winterberry Common,1,1,Winterberry Common,7928,Winterberry_Common.html,294,294,4,0,0,0,44.0,55.4
Alsace Court,1,1,Alsace Court,5364,Alsace_Court.html,930,930,4,0,0,0,139.6,83.7
Andrea Circle,1,1,Andrea Circle,6846 6854,Andrea_Circle.html,3393,3393,4,0,0,0,508.3,179.0
Marlboro Way,2,2,Marlboro Way 2 of 2,343,Marlboro_Way_2_of_2.html,191,191,4,0,0,0,28.5,52.0
Wyoming Street,1,1,Wyoming Street,2305 2306,Wyoming_Street.html,2263,2263,4,2,2,0,338.6,139.5
Ovella Way,1,1,Ovella Way,2765,Ovella_Way.html,1837,1837,4,1,1,0,275.4,131.8
Orvieto Court,1,2,Orvieto Court 1 of 2,2780,Orvieto_Court_1_of_2.html,1418,1418,4,0,0,0,212.5,106.5
Oregon Way,1,1,Oregon Way,5535,Oregon_Way.html,1706,1706,4,0,0,0,256.3,104.0
Orchid Street,1,1,Orchid Street,7943 7944,Orchid_Street.html,1028,1028,4,0,0,0,153.5,77.8
Jolene Court,1,1,Jolene Court,2579,Jolene_Court.html,675,675,4,1,0,1,101.2,72.5
Jillana Avenue,1,1,Jillana Avenue,3329 3561,Jillana_Avenue.html,1428,1428,4,1,1,0,214.3,101.4
Ironwood Court,1,1,Ironwood Court,2261,Ironwood_Court.html,815,815,4,0,0,0,122.1,71.9
Ingrid Court,1,1,Ingrid Court,2348,Ingrid_Court.html,762,762,4,0,0,0,114.2,70.7
Ivy Common,1,1,Ivy Common,8192,Ivy_Common.html,197,197,4,0,0,0,29.3,44.2
Olivina Avenue,1,2,Olivina Avenue 1 of 2,3956 4121 4126 4129 4178 4186 4305 4307 4310 4313 4687 4693 4728 3957 3960 3964 3972,Olivina_Avenue_1_of_2.html,8219,8219,4,0,0,0,1233.6,376.6
Oleander Street,1,1,Oleander Street,6080 6083 6131,Oleander_Street.html,1450,1450,4,0,0,0,217.7,97.2
Idlewild Avenue,1,1,Idlewild Avenue,8120 8145 8148,Idlewild_Avenue.html,4545,4545,4,0,0,0,682.8,219.4
Hyacinth Court,1,1,Hyacinth Court,8083,Hyacinth_Court.html,574,574,4,0,0,0,85.9,60.1
Paris Way,3,3,Paris Way 3 of 3,4640,Paris_Way_3_of_3.html,352,352,4,1,1,0,52.8,57.4
Paris Way,2,3,Paris Way 2 of 3,4639,Paris_Way_2_of_3.html,356,356,4,0,0,0,53.4,51.2
Pearl Drive,1,1,Pearl Drive,3468 3480 3484,Pearl_Drive.html,3184,3184,4,2,2,0,476.9,179.9
Pawnee Way,1,1,Pawnee Way,1194,Pawnee_Way.html,561,561,4,1,1,0,83.9,81.4
Percheron Road,1,1,Percheron Road,6122 6123,Percheron_Road.html,1499,1499,4,0,0,0,224.2,98.9
Photinia Court,1,1,Photinia Court,1777,Photinia_Court.html,140,140,4,0,0,0,20.8,42.0
Pheasant Court,2,2,Pheasant Court 2 of 2,7751,Pheasant_Court_2_of_2.html,387,387,4,0,0,0,58.0,52.7
Half Dome Drive,1,1,Half Dome Drive,1453,Half_Dome_Drive.html,2311,2311,4,1,1,0,346.8,146.0
Placer Circle,2,2,Placer Circle 2 of 2,4019,Placer_Circle_2_of_2.html,331,331,4,0,0,0,49.5,50.5
Pinot Court,1,1,Pinot Court,5316,Pinot_Court.html,229,229,4,0,0,0,34.1,45.7
Katie Lane,1,1,Katie Lane,659,Katie_Lane.html,1177,1177,4,1,1,0,176.5,94.3
Juno Circle,1,1,Juno Circle,2220,Juno_Circle.html,513,513,4,0,0,0,76.9,65.2
Ocean Hills Way,1,1,Ocean Hills Way,8154,Ocean_Hills_Way.html,1113,1113,4,0,0,0,167.2,81.6
Novara Way,2,2,Novara Way 2 of 2,2774,Novara_Way_2_of_2.html,984,984,4,0,0,0,147.2,95.4
Norwood Road,1,1,Norwood Road,4387 4389 4391 4393,Norwood_Road.html,3258,3258,4,1,1,0,487.5,180.7
Poinsettia Common,1,1,Poinsettia Common,8165 8166,Poinsettia_Common.html,342,342,4,0,0,0,51.2,50.1
Guzman Parkway,2,3,Guzman Parkway 2 of 3,2150 2155,Guzman_Parkway_2_of_3.html,401,401,4,1,1,0,59.7,66.9
Ginger Common,1,1,Ginger Common,8188,Ginger_Common.html,190,190,4,0,0,0,28.3,43.8
Gillian Court,1,1,Gillian Court,2576,Gillian_Court.html,543,543,4,0,0,0,81.5,59.7
Pulsar Avenue,1,1,Pulsar Avenue,3902 3903 3904 3905 3906,Pulsar_Avenue.html,2960,2960,4,1,1,0,442.7,168.5
Pueblo Way,1,1,Pueblo Way,1230,Pueblo_Way.html,249,249,4,0,0,0,37.2,61.6
Prima Drive,3,3,Prima Drive 3 of 3,3660 3667,Prima_Drive_3_of_3.html,492,492,4,0,0,0,73.5,57.1
Prima Drive,2,3,Prima Drive 2 of 3,3664 3666,Prima_Drive_2_of_3.html,498,498,4,0,0,0,74.4,57.2
Greenwich Avenue,1,1,Greenwich Avenue,8117 8118,Greenwich_Avenue.html,1017,1017,4,0,0,0,152.7,78.7
Gray Fox Court,1,1,Gray Fox Court,2570,Gray_Fox_Court.html,1219,1219,4,0,0,0,182.9,98.3
Quarryhill Avenue,1,1,Quarryhill Avenue,3127,Quarryhill_Avenue.html,604,604,4,0,0,0,90.3,60.4
Gardenia Common,1,1,Gardenia Common,8167,Gardenia_Common.html,167,167,4,0,0,0,24.9,50.4
Goldenrod Drive,1,1,Goldenrod Drive,8063 8072,Goldenrod_Drive.html,2736,2736,4,1,1,0,410.9,160.9
Glen Isle Court,1,1,Glen Isle Court,103,Glen_Isle_Court.html,268,268,4,0,0,0,40.1,48.0
Kelly Street,1,1,Kelly Street,5058 5627 5849,Kelly_Street.html,3573,3573,4,0,0,0,536.8,181.8
Keeler Street,1,1,Keeler Street,7117 7118,Keeler_Street.html,1148,1148,4,0,0,0,171.6,84.7
Fressia Court,1,1,Fressia Court,2254,Fressia_Court.html,250,250,4,0,0,0,37.3,53.6
Ramblewood Place,1,1,Ramblewood Place,7882,Ramblewood_Place.html,777,777,4,0,0,0,116.6,68.4
Railroad Avenue,5,5,Railroad Avenue 5 of 5,5820,Railroad_Avenue_5_of_5.html,156,156,4,0,0,0,23.2,50.2
Raboli Street,1,1,Raboli Street,2845,Raboli_Street.html,1452,1452,4,1,1,0,217.6,114.9
Foxbrough Place,1,1,Foxbrough Place,2580,Foxbrough_Place.html,428,428,4,0,0,0,64.0,54.9
Four Hill Common,1,1,Four Hill Common,2999,Four_Hill_Common.html,219,219,4,0,0,0,32.7,45.6
Foscalina Way,1,1,Foscalina Way,5322 5323,Foscalina_Way.html,398,398,4,0,0,0,59.2,52.2
Red Pine Court,1,1,Red Pine Court,2230,Red_Pine_Court.html,261,261,4,0,0,0,38.9,47.6
Red Fir Way,1,1,Red Fir Way,6077 6082,Red_Fir_Way.html,631,631,4,0,0,0,94.5,61.1
Firestone Road,1,1,Firestone Road,8121,Firestone_Road.html,2587,2587,4,0,0,0,388.5,140.6
Fiorio Circle,1,1,Fiorio Circle,716,Fiorio_Circle.html,1707,1707,4,1,1,0,255.7,124.9
Riviera Court,1,1,Riviera Court,7959,Riviera_Court.html,814,814,4,1,1,0,121.8,75.9
Riesling Circle,1,1,Riesling Circle,5511,Riesling_Circle.html,2137,2137,4,0,0,0,320.1,124.3
Ridgestone Road,1,1,Ridgestone Road,7901,Ridgestone_Road.html,481,481,4,0,0,0,71.8,55.7
Knoll Way,1,1,Knoll Way,7758,Knoll_Way.html,689,689,4,0,0,0,103.1,64.9
Klondike Place,1,1,Klondike Place,3606,Klondike_Place.html,418,418,4,0,0,0,62.4,52.7
Rolling Hills Court,1,1,Rolling Hills Court,7797,Rolling_Hills_Court.html,948,948,4,1,1,0,141.8,79.6
Rosso Court,1,1,Rosso Court,3691,Rosso_Court.html,376,376,4,0,0,0,56.3,60.1
Ross Gate Way,1,1,Ross Gate Way,1155,Ross_Gate_Way.html,1459,1459,4,0,0,0,219.1,106.9
Rose Street,1,1,Rose Street,5539 5540,Rose_Street.html,1044,1044,4,0,0,0,156.0,79.5
Rutan Court,1,1,Rutan Court,3403 3404,Rutan_Court.html,1603,1603,4,0,0,0,239.7,107.9
Ruby Court,1,1,Ruby Court,3473,Ruby_Court.html,226,226,4,0,0,0,33.8,45.9
Rubino Court,1,1,Rubino Court,2723,Rubino_Court.html,450,450,4,0,0,0,67.5,63.5
Rubicon Way,1,1,Rubicon Way,7837 7839 7846 7969,Rubicon_Way.html,1688,1688,4,0,0,0,253.2,106.5
Fallen Leaf Drive,1,1,Fallen Leaf Drive,7898,Fallen_Leaf_Drive.html,820,820,4,1,1,0,122.8,75.9
Fairbrook Court,1,1,Fairbrook Court,7795,Fairbrook_Court.html,784,784,4,1,1,0,117.2,73.4
Escondido Circle,2,7,Escondido Circle 2 of 7,3269 3272 3275 3278 3773 3238 3248 3916 3240,Escondido_Circle_2_of_7.html,5521,5521,4,2,2,0,826.8,283.6
Enos Way,1,1,Enos Way,5059 5060 5061 5068 5069,Enos_Way.html,2469,2469,4,1,1,0,369.1,146.7
Nina Way,1,1,Nina Way,7259,Nina_Way.html,652,652,4,0,0,0,97.9,64.2
Edgewood Way,1,1,Edgewood Way,6731,Edgewood_Way.html,1391,1391,4,1,1,0,208.7,98.8
Edgewater Lane,1,1,Edgewater Lane,7760,Edgewater_Lane.html,1722,1722,4,0,0,0,258.8,107.2
Ryan Street,1,1,Ryan Street,5209,Ryan_Street.html,2600,2600,4,2,2,0,389.5,150.8
Ruth Way,1,1,Ruth Way,3228 3293,Ruth_Way.html,1029,1029,4,0,0,0,154.4,80.6
Eaglet Court,1,1,Eaglet Court,2334,Eaglet_Court.html,359,359,4,0,0,0,53.8,52.3
El Capitan Way,1,1,El Capitan Way,7873,El_Capitan_Way.html,1160,1160,4,0,0,0,174.3,83.9
Sannita Place,1,1,Sannita Place,2824,Sannita_Place.html,1667,1667,4,1,1,0,250.1,117.3
Dickens Court,1,2,Dickens Court 1 of 2,6157,Dickens_Court_1_of_2.html,489,489,4,0,0,0,73.1,57.4
Diane Lane,1,1,Diane Lane,7148 7152,Diane_Lane.html,2137,2137,4,1,1,0,320.6,132.9
Diablo Court,1,1,Diablo Court,2163,Diablo_Court.html,505,505,4,1,1,0,75.7,63.5
Drake Way,1,1,Drake Way,6200 6203 6209 6219 6245 6247 6543 6559 6565,Drake_Way.html,3742,3742,4,0,0,0,561.1,184.7
Donahue Court,1,1,Donahue Court,2192,Donahue_Court.html,542,542,4,0,0,0,81.1,59.9
Santa Rita Road,4,5,Santa Rita Road 4 of 5,1100,Santa_Rita_Road_4_of_5.html,601,601,4,0,0,0,89.8,62.8
Las Flores Road,2,5,Las Flores Road 2 of 5,5974,Las_Flores_Road_2_of_5.html,446,446,4,0,0,0,66.9,62.7
Lansdown Court,1,1,Lansdown Court,95 99,Lansdown_Court.html,1210,1210,4,0,0,0,181.0,87.3
Lakeland Drive,1,1,Lakeland Drive,7791 7803,Lakeland_Drive.html,1097,1097,4,1,1,0,163.9,86.5
Newton Way,2,2,Newton Way 2 of 2,91,Newton_Way_2_of_2.html,272,272,4,0,0,0,40.7,48.4
Newman Place,1,1,Newman Place,1014 1015,Newman_Place.html,445,445,4,0,0,0,66.6,69.4
Neptune Road,2,2,Neptune Road 2 of 2,3873 3875 3876 3877,Neptune_Road_2_of_2.html,888,888,4,0,0,0,132.3,73.2
Darwin Avenue,1,1,Darwin Avenue,4579 4580 4581 4582 4583,Darwin_Avenue.html,3860,3860,4,0,0,0,577.1,195.3
Depot Drive,1,1,Depot Drive,4834 4837 4968,Depot_Drive.html,1348,1348,4,0,0,0,202.0,94.8
Shannon Court,1,1,Shannon Court,7409,Shannon_Court.html,773,773,4,1,1,0,115.5,81.0
Sevillano Court,2,2,Sevillano Court 2 of 2,5355,Sevillano_Court_2_of_2.html,310,310,4,0,0,0,46.5,49.6
Sevillano Court,1,2,Sevillano Court 1 of 2,5331 5332,Sevillano_Court_1_of_2.html,895,895,4,0,0,0,133.9,74.1
Seminole Way,1,1,Seminole Way,1209,Seminole_Way.html,736,736,4,0,0,0,110.2,75.7
Davis Way,1,1,Davis Way,6176 6187 6550,Davis_Way.html,1941,1941,4,0,0,0,291.0,118.3
Laursen Court,1,1,Laursen Court,1817,Laursen_Court.html,204,204,4,0,0,0,30.5,44.4
Laurel Creek Place,1,1,Laurel Creek Place,7881,Laurel_Creek_Place.html,765,765,4,1,1,0,114.8,74.1
Leger Court,1,1,Leger Court,2242 2243,Leger_Court.html,499,499,4,0,0,0,74.4,56.9
Ledgestone Court,1,1,Ledgestone Court,2224,Ledgestone_Court.html,884,884,4,1,1,0,132.7,80.9
Leccino Court,2,2,Leccino Court 2 of 2,5340,Leccino_Court_2_of_2.html,289,289,4,0,0,0,43.2,48.0
Crater Road,1,1,Crater Road,5263,Crater_Road.html,2763,2763,4,0,0,0,413.6,155.2
Cranwood Court,1,1,Cranwood Court,75,Cranwood_Court.html,1060,1060,4,0,0,0,158.8,82.6
Cowboy Alley,1,1,Cowboy Alley,5656,Cowboy_Alley.html,1523,1523,4,0,0,0,228.4,102.0
Shoemaker Drive,1,1,Shoemaker Drive,8030 8031,Shoemaker_Drive.html,1146,1146,4,0,0,0,171.3,85.2
Shawna Street,1,1,Shawna Street,6602 6605,Shawna_Street.html,1109,1109,4,0,0,0,166.4,84.1
Shasta Place,1,1,Shasta Place,2914,Shasta_Place.html,366,366,4,0,0,0,54.6,58.5
Cypress Point Drive,1,1,Cypress Point Drive,8153,Cypress_Point_Drive.html,1677,1677,4,0,0,0,251.6,104.9
Silverado Lane,3,3,Silverado Lane 3 of 3,7543,Silverado_Lane_3_of_3.html,215,215,4,0,0,0,32.2,52.9
Silverado Lane,2,3,Silverado Lane 2 of 3,7544,Silverado_Lane_2_of_3.html,228,228,4,0,0,0,34.2,53.5
Silver Sage Court,1,1,Silver Sage Court,3886,Silver_Sage_Court.html,515,515,4,0,0,0,77.3,57.5
Shotwell Court,1,1,Shotwell Court,2642,Shotwell_Court.html,310,310,4,0,0,0,46.4,49.9
Shore Drive,1,1,Shore Drive,33,Shore_Drive.html,1426,1426,4,1,1,0,213.6,105.5
Crofters Court,1,1,Crofters Court,226,Crofters_Court.html,895,895,4,0,0,0,133.9,80.0
Crocus Way,1,1,Crocus Way,5986,Crocus_Way.html,946,946,4,0,0,0,142.0,76.9
Coriander Common,1,1,Coriander Common,7746,Coriander_Common.html,152,152,4,0,0,0,22.6,42.0
Covey Way,1,1,Covey Way,5456,Covey_Way.html,3503,3503,4,0,0,0,526.2,187.2
Corral Street,1,1,Corral Street,3165,Corral_Street.html,503,503,4,0,0,0,75.2,56.1
Liberty Drive,1,1,Liberty Drive,1439,Liberty_Drive.html,2575,2575,4,0,0,0,386.7,151.1
Lethbridge Court,1,1,Lethbridge Court,2247,Lethbridge_Court.html,1051,1051,4,0,0,0,157.5,80.8
Coleen Street,1,1,Coleen Street,3231 3926 3928,Coleen_Street.html,2974,2974,4,0,0,0,445.4,162.5
Solandra Court,1,1,Solandra Court,1823,Solandra_Court.html,159,159,4,0,0,0,23.6,42.7
Singing Hills Avenue,1,1,Singing Hills Avenue,8097,Singing_Hills_Avenue.html,2330,2330,4,0,0,0,349.9,131.5
Cornerstone Common,3,3,Cornerstone Common 3 of 3,3505 3507,Cornerstone_Common_3_of_3.html,359,359,4,0,0,0,53.5,51.8
Cornerstone Common,2,3,Cornerstone Common 2 of 3,3506 3502 3540 3541,Cornerstone_Common_2_of_3.html,897,897,4,2,2,0,134.0,81.0
Churchill Court,1,1,Churchill Court,985 1009,Churchill_Court.html,363,363,4,0,0,0,54.1,52.2
South Livermore Avenue,3,3,South Livermore Avenue 3 of 3,5095 5097,South_Livermore_Avenue_3_of_3.html,439,439,4,0,0,0,65.3,62.5
Sonic Avenue,1,1,Sonic Avenue,3384,Sonic_Avenue.html,1574,1574,4,1,1,0,236.5,107.2
Southfront Road,3,4,Southfront Road 3 of 4,6644,Southfront_Road_3_of_4.html,1205,1205,4,3,1,2,180.7,128.9
South S Street,2,3,South S Street 2 of 3,4703 4717,South_S_Street_2_of_3.html,1177,1177,4,0,0,0,232.6,87.6
Claret Road,1,1,Claret Road,5505,Claret_Road.html,797,797,4,0,0,0,119.2,71.1
Stacey Court,1,1,Stacey Court,1979,Stacey_Court.html,446,446,4,0,0,0,66.6,53.8
Spinel Court,1,1,Spinel Court,3619,Spinel_Court.html,221,221,4,0,0,0,32.9,45.8
Sparrow Street,1,1,Sparrow Street,3448,Sparrow_Street.html,937,937,4,0,0,0,140.6,76.7
Cherry Way,1,1,Cherry Way,8076,Cherry_Way.html,855,855,4,0,0,0,128.3,79.3
Chaucer Court,1,1,Chaucer Court,6152,Chaucer_Court.html,805,805,4,0,0,0,120.9,79.1
Station Street,1,1,Station Street,4966 4967,Station_Street.html,326,326,4,0,0,0,48.6,50.2
Chateau Common,5,5,Chateau Common 5 of 5,6466,Chateau_Common_5_of_5.html,134,134,4,0,0,0,19.9,49.2
Chateau Common,4,5,Chateau Common 4 of 5,6469,Chateau_Common_4_of_5.html,534,534,4,0,0,0,79.9,66.3
Chateau Common,3,5,Chateau Common 3 of 5,6470,Chateau_Common_3_of_5.html,676,676,4,0,0,0,101.3,72.6
Stockholm Road,1,1,Stockholm Road,5230 5231,Stockholm_Road.html,486,486,4,0,0,0,72.6,63.8
Cascina Court,1,1,Cascina Court,3637,Cascina_Court.html,366,366,4,0,0,0,54.6,51.4
Carnegie Loop,2,2,Carnegie Loop 2 of 2,7112,Carnegie_Loop_2_of_2.html,275,275,4,0,0,0,41.1,55.2
Stockton Loop,2,2,Stockton Loop 2 of 2,6977,Stockton_Loop_2_of_2.html,381,381,4,0,0,0,57.0,60.2
Summertree Court,1,1,Summertree Court,3464,Summertree_Court.html,618,618,4,0,0,0,92.7,63.1
Streamside Circle,5,5,Streamside Circle 5 of 5,1636,Streamside_Circle_5_of_5.html,313,313,4,0,0,0,46.6,56.5
Cartier Drive,1,1,Cartier Drive,5140 5156,Cartier_Drive.html,1451,1451,4,0,0,0,217.8,102.0
Carol Common,2,4,Carol Common 2 of 4,6782,Carol_Common_2_of_4.html,170,170,4,0,0,0,25.3,43.4
Carol Common,1,4,Carol Common 1 of 4,6781,Carol_Common_1_of_4.html,177,177,4,0,0,0,26.4,43.7
Montori Way,1,1,Montori Way,3696,Montori_Way.html,386,386,4,0,0,0,57.9,60.7
Loop Road,1,1,Loop Road,3075 3130 3146,Loop_Road.html,5485,5485,4,0,0,0,823.9,287.0
Logan Street,1,1,Logan Street,2910 2915,Logan_Street.html,1064,1064,4,0,0,0,159.0,80.0
Susan Lane,1,1,Susan Lane,7073 7074,Susan_Lane.html,1339,1339,4,0,0,0,201.1,101.2
Capitol Street,1,1,Capitol Street,7228 7229,Capitol_Street.html,932,932,4,0,0,0,139.4,76.6
Calistoga Court,1,2,Calistoga Court 1 of 2,7497 7498,Calistoga_Court_1_of_2.html,1114,1114,4,1,1,0,166.6,96.8
California Avenue,3,3,California Avenue 3 of 3,2291,California_Avenue_3_of_3.html,339,339,4,0,0,0,50.6,58.8
California Avenue,2,3,California Avenue 2 of 3,2290,California_Avenue_2_of_3.html,364,364,4,0,0,0,54.4,59.7
Calibria Court,1,1,Calibria Court,5421,Calibria_Court.html,672,672,4,0,0,0,100.4,63.7
Calderon Court,1,1,Calderon Court,5258,Calderon_Court.html,629,629,4,0,0,0,94.0,62.8
Caldeira Drive,3,3,Caldeira Drive 3 of 3,6524,Caldeira_Drive_3_of_3.html,501,501,4,0,0,0,75.1,63.2
Cameo Drive,1,1,Cameo Drive,3493 3627 3629 3647,Cameo_Drive.html,2833,2833,4,1,1,0,424.7,164.9
Camelia Drive,1,1,Camelia Drive,4151 4152 4153 4155 4156,Camelia_Drive.html,4631,4631,4,1,1,0,693.0,234.3
Caldeira Drive,2,3,Caldeira Drive 2 of 3,6525,Caldeira_Drive_2_of_3.html,503,503,4,0,0,0,75.5,63.7
Calle de Las Granvas,1,1,Calle de Las Granvas,4800,Calle_de_Las_Granvas.html,1485,1485,4,0,0,0,222.5,100.4
Calla Lily Common,1,1,Calla Lily Common,8203,Calla_Lily_Common.html,159,159,4,0,0,0,23.6,42.7
Three Oaks Drive,1,1,Three Oaks Drive,2592,Three_Oaks_Drive.html,2576,2576,4,0,0,0,385.9,168.1
Thistledown Court,2,2,Thistledown Court 2 of 2,101,Thistledown_Court_2_of_2.html,495,495,4,0,0,0,74.1,57.6
Misty Way,1,1,Misty Way,7383 7385 7387,Misty_Way.html,838,838,4,0,0,0,125.1,79.6
Touriga Drive,1,1,Touriga Drive,1488 1489 1490 1491,Touriga_Drive.html,1106,1106,4,0,0,0,164.9,82.8
Torlano Court,1,1,Torlano Court,2851,Torlano_Court.html,1490,1490,4,0,0,0,223.0,110.3
Tuscany Court,1,1,Tuscany Court,5452,Tuscany_Court.html,926,926,4,1,1,0,139.0,82.7
Valley View Way,1,1,Valley View Way,6350 6357,Valley_View_Way.html,1216,1216,4,0,0,0,182.4,89.4
Valley View Court,1,1,Valley View Court,6356,Valley_View_Court.html,242,242,4,0,0,0,36.2,46.8
Bluffs Drive,1,3,Bluffs Drive 1 of 3,7772 7774 7786,Bluffs_Drive_1_of_3.html,1698,1698,4,0,0,0,254.4,109.9
Bluebonnet Common,1,1,Bluebonnet Common,7738,Bluebonnet_Common.html,169,169,4,0,0,0,25.2,42.9
Bluebell Drive,2,2,Bluebell Drive 2 of 2,5982 5987 5995,Bluebell_Drive_2_of_2.html,1152,1152,4,1,1,0,172.3,100.2
Blossom Circle,1,1,Blossom Circle,6722,Blossom_Circle.html,1268,1268,4,0,0,0,190.2,90.4
Varese Court,1,1,Varese Court,2783,Varese_Court.html,1851,1851,4,0,0,0,277.9,124.9
Louvre Lane,1,1,Louvre Lane,5429,Louvre_Lane.html,624,624,4,0,0,0,93.7,70.4
Los Alamos Avenue,1,1,Los Alamos Avenue,3930 3941 4145,Los_Alamos_Avenue.html,3864,3864,4,0,0,0,580.1,202.7
Minerva Court,1,2,Minerva Court 1 of 2,5336 5337,Minerva_Court_1_of_2.html,866,866,4,1,1,0,129.8,79.8
Milan Court,1,1,Milan Court,4574,Milan_Court.html,906,906,4,0,0,0,135.5,82.4
Mallard Court,1,1,Mallard Court,7749,Mallard_Court.html,404,404,4,0,0,0,60.4,52.9
Vierra Street,1,1,Vierra Street,2813,Vierra_Street.html,1456,1456,4,0,0,0,217.9,109.0
Victoria Meadow Court,1,1,Victoria Meadow Court,2368,Victoria_Meadow_Court.html,472,472,4,0,0,0,70.7,64.9
Blackstone Common,1,1,Blackstone Common,3509,Blackstone_Common.html,190,190,4,0,0,0,28.4,44.4
Belleza Drive,1,1,Belleza Drive,20,Belleza_Drive.html,1052,1052,4,1,1,0,157.8,95.5
Bava Common,1,1,Bava Common,4819,Bava_Common.html,265,265,4,0,0,0,39.6,47.5
Baur Court,1,1,Baur Court,2228,Baur_Court.html,928,928,4,1,1,0,139.1,82.7
Berryessa Court,1,1,Berryessa Court,7845,Berryessa_Court.html,520,520,4,0,0,0,77.8,57.5
Barleta Lane,1,1,Barleta Lane,3820,Barleta_Lane.html,980,980,4,0,0,0,146.9,78.5
Vista Diablo Court,1,1,Vista Diablo Court,2353 2356,Vista_Diablo_Court.html,1258,1258,4,0,0,0,188.8,102.6
Bairn Court,1,1,Bairn Court,2110,Bairn_Court.html,894,894,4,0,0,0,133.7,87.1
Warrenton Court,1,1,Warrenton Court,2232 2234,Warrenton_Court.html,454,454,4,0,0,0,67.7,54.9
Wall Street,1,1,Wall Street,3234 3260 3944 3945 3946 3969 3970,Wall_Street.html,7066,7066,4,2,1,1,1058.4,351.5
Mairmont Drive,1,1,Mairmont Drive,689 1097,Mairmont_Drive.html,915,915,4,0,0,0,137.1,75.4
Magnolia Common,1,1,Magnolia Common,7744,Magnolia_Common.html,454,454,4,0,0,0,68.0,56.0
Madison Avenue,1,1,Madison Avenue,6535 6536 6537 6538 6539 6540 6541,Madison_Avenue.html,4142,4142,4,1,1,0,619.2,210.0
Mercato Court,1,1,Mercato Court,2817,Mercato_Court.html,1249,1249,4,0,0,0,187.0,106.8
Margo Lane,1,1,Margo Lane,2572,Margo_Lane.html,995,995,4,0,0,0,148.8,87.4
Arroyo Vista,1,1,Arroyo Vista,6600 6640 6667,Arroyo_Vista.html,3274,3274,4,2,1,1,490.9,230.0
Arrowhead Court,1,1,Arrowhead Court,8064,Arrowhead_Court.html,1093,1093,4,0,0,0,164.2,87.6
Austen Court,1,1,Austen Court,6291,Austen_Court.html,237,237,4,0,0,0,35.3,53.8
Ascot Court,1,1,Ascot Court,2174 2175,Ascot_Court.html,367,367,4,0,0,0,54.6,58.7
Angus Way,1,1,Angus Way,85,Angus_Way.html,1750,1750,4,2,2,0,262.2,117.5
Whitney Drive,1,1,Whitney Drive,1438,Whitney_Drive.html,1312,1312,4,0,0,0,197.0,102.6
White Fang Way,1,1,White Fang Way,3610,White_Fang_Way.html,1212,1212,4,0,0,0,182.2,86.0
Whippoorwill Court,1,1,Whippoorwill Court,8176,Whippoorwill_Court.html,582,582,4,0,0,0,86.9,60.0
Winding Stream Court,1,1,Winding Stream Court,7798,Winding_Stream_Court.html,941,941,4,0,0,0,140.7,73.7
Apache Court,1,1,Apache Court,1218 1222,Apache_Court.html,416,416,4,0,0,0,62.2,61.6
Anona Way,1,1,Anona Way,6747,Anona_Way.html,566,566,4,0,0,0,84.9,58.7
Maralisa Court,1,1,Maralisa Court,7888,Maralisa_Court.html,716,716,4,0,0,0,107.1,64.5
Maple Leaf Drive,1,1,Maple Leaf Drive,128,Maple_Leaf_Drive.html,1572,1572,4,0,0,0,235.6,101.7
Meadow Glen Drive,1,1,Meadow Glen Drive,7769 7771,Meadow_Glen_Drive.html,1961,1961,4,1,1,0,389.1,126.8
Meadow Court,1,1,Meadow Court,7862,Meadow_Court.html,795,795,4,1,1,0,118.9,74.1
McHenry Gate Way,1,1,McHenry Gate Way,1134,McHenry_Gate_Way.html,2719,2719,4,1,1,0,408.1,160.6
Mayten Drive,1,1,Mayten Drive,3202,Mayten_Drive.html,2101,2101,4,0,0,0,315.1,124.0
Woodbine Way,1,1,Woodbine Way,209,Woodbine_Way.html,543,543,4,0,0,0,81.3,74.1
Woodland Court,1,1,Woodland Court,6572,Woodland_Court.html,577,577,4,0,0,0,86.5,68.7
Agatha Way,1,1,Agatha Way,7069 7072,Agatha_Way.html,1561,1561,4,0,0,0,234.0,111.0
Wynn Circle,1,1,Wynn Circle,6740 6744 6899,Wynn_Circle.html,3505,3505,4,0,0,0,525.4,189.1
Aberdeen Avenue,1,1,Aberdeen Avenue,4645 4647 4648,Aberdeen_Avenue.html,3504,3504,4,0,0,0,524.4,177.7
Zuni Way,1,1,Zuni Way,1212,Zuni_Way.html,332,332,3,0,0,0,49.6,50.7
Zircon Way,1,1,Zircon Way,3486,Zircon_Way.html,2244,2244,3,1,1,0,336.2,139.7
Alysia Court,1,1,Alysia Court,6679,Alysia_Court.html,879,879,3,0,0,0,131.6,74.1
Windsor Way,1,1,Windsor Way,4527 4535 4608 4616,Windsor_Way.html,2715,2715,3,0,0,0,407.4,150.7
Windsor Court,1,1,Windsor Court,542,Windsor_Court.html,1097,1097,3,0,0,0,164.3,82.8
Windflower Drive,1,1,Windflower Drive,8048,Windflower_Drive.html,1759,1759,3,0,0,0,264.0,110.1
Wilton Road,1,1,Wilton Road,3186 3375 3376,Wilton_Road.html,1886,1886,3,1,1,0,282.1,120.6
Wilma Court,1,1,Wilma Court,7312,Wilma_Court.html,346,346,3,0,0,0,52.0,50.3
Arcadia Common,1,1,Arcadia Common,3032,Arcadia_Common.html,358,358,3,0,0,0,53.5,50.7
Arbor Avenue,1,1,Arbor Avenue,5500 5526 5544,Arbor_Avenue.html,1685,1685,3,0,0,0,252.9,104.1
Apperson,2,2,Apperson 2 of 2,692,Apperson_2_of_2.html,270,270,3,1,1,0,40.3,54.0
McLeod Street,2,2,McLeod Street 2 of 2,5489 5494 5677,McLeod_Street_2_of_2.html,2607,2607,3,0,0,0,390.9,149.1
McLean Place,1,1,McLean Place,5215,McLean_Place.html,360,360,3,0,0,0,53.7,57.9
Martingale Lane,1,1,Martingale Lane,5885,Martingale_Lane.html,572,572,3,0,0,0,85.8,59.4
Martin Avenue,2,2,Martin Avenue 2 of 2,5600 5601 5602,Martin_Avenue_2_of_2.html,2712,2712,3,0,0,0,405.5,147.6
Martha Street,1,1,Martha Street,7091 7093,Martha_Street.html,1068,1068,3,0,0,0,159.8,82.4
Marsala Court,1,1,Marsala Court,1459,Marsala_Court.html,593,593,3,0,0,0,88.7,62.4
Apperson,1,2,Apperson 1 of 2,687,Apperson_1_of_2.html,270,270,3,1,1,0,40.3,54.0
Apache Drive,1,1,Apache Drive,1145 1148 1231,Apache_Drive.html,642,642,3,0,0,0,95.8,71.0
Whithorn Court,1,1,Whithorn Court,6342,Whithorn_Court.html,542,542,3,0,0,0,81.1,67.1
Whitehall Court,1,2,Whitehall Court 1 of 2,180,Whitehall_Court_1_of_2.html,1195,1195,3,0,0,0,179.1,92.4
Armondo Court,1,1,Armondo Court,2825,Armondo_Court.html,1239,1239,3,0,0,0,186.0,91.3
Arlene Way,3,3,Arlene Way 3 of 3,7242,Arlene_Way_3_of_3.html,467,467,3,0,0,0,69.8,56.2
Arlene Way,2,3,Arlene Way 2 of 3,7243,Arlene_Way_2_of_3.html,481,481,3,0,0,0,71.9,56.9
Marcella Court,1,1,Marcella Court,6829,Marcella_Court.html,421,421,3,1,1,0,63.1,59.8
Aspenwood Way,1,1,Aspenwood Way,7841,Aspenwood_Way.html,1935,1935,3,0,0,0,290.4,115.7
Wente Street,1,1,Wente Street,6523,Wente_Street.html,5169,5169,3,1,1,0,773.7,247.7
Balboa Way,1,1,Balboa Way,4646,Balboa_Way.html,531,531,3,0,0,0,79.7,57.5
Avondale Lane,1,1,Avondale Lane,6292,Avondale_Lane.html,903,903,3,0,0,0,135.1,74.9
Avio Court,1,1,Avio Court,2782,Avio_Court.html,572,572,3,0,0,0,85.8,68.5
Waycross Court,1,1,Waycross Court,1102,Waycross_Court.html,765,765,3,0,0,0,114.9,67.7
Waterflower Drive,1,1,Waterflower Drive,8060,Waterflower_Drive.html,531,531,3,1,1,0,79.4,63.0
Washington Street,1,1,Washington Street,2288,Washington_Street.html,1300,1300,3,0,0,0,195.0,92.8
Voyager Street,5,5,Voyager Street 5 of 5,2938,Voyager_Street_5_of_5.html,424,424,3,0,0,0,63.4,61.0
Voyager Street,4,5,Voyager Street 4 of 5,2937,Voyager_Street_4_of_5.html,425,425,3,0,0,0,63.4,60.7
Voyager Street,3,5,Voyager Street 3 of 5,2942 2941,Voyager_Street_3_of_5.html,703,703,3,1,1,0,105.0,72.6
Barolo Court,1,1,Barolo Court,2717,Barolo_Court.html,236,236,3,0,0,0,35.2,53.5
Lucerne Street,1,1,Lucerne Street,3192,Lucerne_Street.html,2231,2231,3,0,0,0,334.3,131.0
Louis Court,1,1,Louis Court,3544,Louis_Court.html,587,587,3,0,0,0,87.8,60.6
Milton Way,1,1,Milton Way,6154 6285,Milton_Way.html,2498,2498,3,0,0,0,375.3,145.0
Vizzolini Court,1,1,Vizzolini Court,2775,Vizzolini_Court.html,972,972,3,0,0,0,145.9,86.0
Vista Diablo Way,1,1,Vista Diablo Way,2354 2355,Vista_Diablo_Way.html,419,419,3,0,0,0,62.5,61.4
Violet Avenue,1,1,Violet Avenue,6019,Violet_Avenue.html,381,381,3,0,0,0,57.2,52.5
Vintage Court,1,1,Vintage Court,5428,Vintage_Court.html,340,340,3,1,1,0,51.0,56.1
Bella Oaks Court,1,2,Bella Oaks Court 1 of 2,7538 7539,Bella_Oaks_Court_1_of_2.html,757,757,3,0,0,0,113.3,68.7
Belgium Street,1,1,Belgium Street,6045,Belgium_Street.html,509,509,3,0,0,0,76.5,56.7
Beck Lane,1,1,Beck Lane,7031,Beck_Lane.html,248,248,3,0,0,0,37.1,45.9
Bernal Avenue,3,3,Bernal Avenue 3 of 3,4179 4241,Bernal_Avenue_3_of_3.html,2145,2145,3,0,0,0,320.9,129.5
Vinci Way,2,3,Vinci Way 2 of 3,3812,Vinci_Way_2_of_3.html,594,594,3,0,0,0,88.8,60.2
Villero Court,1,1,Villero Court,2818,Villero_Court.html,1553,1553,3,0,0,0,232.7,112.9
Via del Sol,1,1,Via del Sol,3859 3874 3907,Via_del_Sol.html,2968,2968,3,0,0,0,445.3,163.4
Black Avenue,1,1,Black Avenue,676 1052,Black_Avenue.html,3120,3120,3,1,1,0,468.9,169.4
Lynda Court,1,1,Lynda Court,7247,Lynda_Court.html,199,199,3,0,0,0,29.6,44.5
Lucille Street,1,1,Lucille Street,7160 7163,Lucille_Street.html,2988,2988,3,2,1,1,447.1,186.5
Beverly Street,1,1,Beverly Street,6615,Beverly_Street.html,1484,1484,3,0,0,0,222.1,99.3
Verde Drive,1,1,Verde Drive,1486 1492 1505 1506 1511 1520 1525,Verde_Drive.html,4528,4528,3,2,0,2,678.0,244.7
Verbena Common,1,1,Verbena Common,8187,Verbena_Common.html,362,362,3,0,0,0,54.1,51.2
Blakemore Court,1,1,Blakemore Court,622,Blakemore_Court.html,490,490,3,0,0,0,73.5,57.0
Brennan Way,1,1,Brennan Way,5501,Brennan_Way.html,557,557,3,0,0,0,83.3,59.2
Bradford Way,4,6,Bradford Way 4 of 6,1803,Bradford_Way_4_of_6.html,420,420,3,0,0,0,63.0,61.6
Turquoise Way,1,1,Turquoise Way,3581 3628 3651,Turquoise_Way.html,2850,2850,3,0,0,0,428.0,154.5
Turino Street,1,1,Turino Street,3200 3205 3218,Turino_Street.html,2138,2138,3,1,1,0,319.7,133.4
Trixie Drive,1,1,Trixie Drive,6606,Trixie_Drive.html,823,823,3,1,1,0,123.0,77.5
Triad Place,1,1,Triad Place,2988,Triad_Place.html,843,843,3,0,0,0,126.3,80.8
Treeflower Drive,1,1,Treeflower Drive,8058,Treeflower_Drive.html,1915,1915,3,1,1,0,287.3,119.9
Trebbiano Place,3,3,Trebbiano Place 3 of 3,3690,Trebbiano_Place_3_of_3.html,389,389,3,0,0,0,58.3,60.5
Trebbiano Place,1,3,Trebbiano Place 1 of 3,3686,Trebbiano_Place_1_of_3.html,848,848,3,0,0,0,127.1,80.8
Brighton Way,1,1,Brighton Way,3191 3210 3367,Brighton_Way.html,3693,3693,3,0,0,0,554.5,189.6
Bricco Court,1,1,Bricco Court,3708,Bricco_Court.html,243,243,3,0,0,0,36.3,53.9
Lillian Street,1,1,Lillian Street,7138 7139 7158 7159,Lillian_Street.html,2738,2738,3,0,0,0,409.6,151.5
Montecito Circle,1,1,Montecito Circle,4022 4025 4026 4029 4076 4078 4082,Montecito_Circle.html,5721,5721,3,1,0,1,857.4,290.3
Montarossa Court,1,2,Montarossa Court 1 of 2,5413 5414,Montarossa_Court_1_of_2.html,756,756,3,0,0,0,113.0,68.7
Locust Street,1,1,Locust Street,4254 4731 4771 4776 4790 4815 4998,Locust_Street.html,6178,6178,3,1,0,1,927.5,309.3
Brent Court,1,1,Brent Court,1982,Brent_Court.html,431,431,3,1,1,0,64.4,60.0
Torrey Court,1,1,Torrey Court,159,Torrey_Court.html,277,277,3,0,0,0,41.3,48.1
Tonopah Court,1,1,Tonopah Court,1149,Tonopah_Court.html,427,427,3,0,0,0,63.9,55.0
Tioga Court,1,1,Tioga Court,1458 1461,Tioga_Court.html,440,440,3,0,0,0,65.9,62.7
Thrasher Avenue,1,1,Thrasher Avenue,3224 3225,Thrasher_Avenue.html,2537,2537,3,1,1,0,379.6,147.3
Cairo Street,1,1,Cairo Street,4578,Cairo_Street.html,2069,2069,3,1,1,0,309.8,126.3
Byron Court,1,1,Byron Court,641,Byron_Court.html,367,367,3,0,0,0,54.9,52.0
Burr Lane,1,1,Burr Lane,5327,Burr_Lane.html,2743,2743,3,1,1,0,412.3,159.2
Buckskin Road,1,1,Buckskin Road,6042 6043 6044 6047 6048,Buckskin_Road.html,3087,3087,3,0,0,0,461.4,162.6
Terra Court,1,1,Terra Court,2807,Terra_Court.html,201,201,3,0,0,0,30.1,44.8
Tanager Court,1,1,Tanager Court,1044,Tanager_Court.html,728,728,3,0,0,0,109.1,67.5
Calibria Drive,1,1,Calibria Drive,5420,Calibria_Drive.html,598,598,3,0,0,0,89.3,60.0
Campo Court,1,1,Campo Court,3638,Campo_Court.html,519,519,3,0,0,0,77.9,58.3
Lenore Avenue,1,1,Lenore Avenue,7194,Lenore_Avenue.html,3859,3859,3,1,1,0,579.4,206.6
Mount Hamilton Court,1,2,Mount Hamilton Court 1 of 2,8091 8092,Mount_Hamilton_Court_1_of_2.html,569,569,3,0,0,0,85.0,61.2
Morning Glory Road,1,1,Morning Glory Road,6133 6143,Morning_Glory_Road.html,1159,1159,3,0,0,0,173.2,86.0
Moraga Drive,1,1,Moraga Drive,3246 3921 3943,Moraga_Drive.html,2863,2863,3,0,0,0,429.5,160.6
Camelot Court,1,1,Camelot Court,487 755,Camelot_Court.html,373,373,3,0,0,0,55.8,66.8
Tahoe Court,1,2,Tahoe Court 1 of 2,1175,Tahoe_Court_1_of_2.html,512,512,3,0,0,0,76.8,58.4
Sylvaner Drive,1,1,Sylvaner Drive,1467,Sylvaner_Drive.html,969,969,3,0,0,0,145.1,79.7
Swan Place,1,1,Swan Place,3393,Swan_Place.html,259,259,3,0,0,0,38.8,47.1
Sutter Street,2,2,Sutter Street 2 of 2,3175,Sutter_Street_2_of_2.html,359,359,3,0,0,0,53.6,50.4
Capriconus Avenue,1,1,Capriconus Avenue,5957 5960 6012 6014,Capriconus_Avenue.html,2382,2382,3,1,1,0,357.5,143.9
Canton Avenue,1,1,Canton Avenue,4662,Canton_Avenue.html,2626,2626,3,0,0,0,393.2,143.2
Sunflower Court,1,1,Sunflower Court,5908 8033 8041 8042 8047,Sunflower_Court.html,5716,5716,3,0,0,0,858.0,283.5
Summerhouse Common,1,1,Summerhouse Common,7905,Summerhouse_Common.html,254,254,3,0,0,0,37.9,46.7
Leccino Court,1,2,Leccino Court 1 of 2,5335 5338,Leccino_Court_1_of_2.html,842,842,3,1,1,0,126.1,78.3
Mulberry Common,1,1,Mulberry Common,8193,Mulberry_Common.html,293,293,3,0,0,0,43.7,48.1
Lexington Place,1,1,Lexington Place,4384,Lexington_Place.html,243,243,3,0,0,0,36.3,46.5
Lessini Street,1,1,Lessini Street,2762,Lessini_Street.html,723,723,3,0,0,0,108.2,68.0
Carol Common,3,4,Carol Common 3 of 4,6783,Carol_Common_3_of_4.html,146,146,3,0,0,0,21.7,42.2
Stony Creek Court,1,1,Stony Creek Court,3893,Stony_Creek_Court.html,296,296,3,1,1,0,44.3,54.8
Cedarwood Common,1,1,Cedarwood Common,7062,Cedarwood_Common.html,151,151,3,0,0,0,22.6,42.1
Cayetano Court,1,1,Cayetano Court,4747 5009,Cayetano_Court.html,6722,6722,3,1,1,0,1010.1,342.9
Cassady Court,1,1,Cassady Court,6777,Cassady_Court.html,749,749,3,0,0,0,112.1,68.8
Cascade Avenue,1,1,Cascade Avenue,3456,Cascade_Avenue.html,1380,1380,3,0,0,0,207.4,95.9
Casalino Court,1,1,Casalino Court,2740,Casalino_Court.html,507,507,3,1,1,0,75.7,71.8
Chardonnay Place,1,2,Chardonnay Place 1 of 2,1487,Chardonnay_Place_1_of_2.html,508,508,3,0,0,0,76.3,58.2
Chardonnay Court,1,1,Chardonnay Court,5372,Chardonnay_Court.html,483,483,3,0,0,0,72.2,56.6
Channi Loop,4,4,Channi Loop 4 of 4,3128,Channi_Loop_4_of_4.html,298,298,3,0,0,0,44.4,55.5
Channi Loop,3,4,Channi Loop 3 of 4,3126,Channi_Loop_3_of_4.html,325,325,3,0,0,0,48.5,49.3
Challenger Street,1,1,Challenger Street,2883,Challenger_Street.html,1822,1822,3,1,0,1,272.7,117.6
Cento Court,1,1,Cento Court,2848,Cento_Court.html,300,300,3,0,0,0,44.9,56.7
Stetson Court,1,1,Stetson Court,4008 4015,Stetson_Court.html,682,682,3,0,0,0,102.2,64.7
Sterling Place,1,1,Sterling Place,5170,Sterling_Place.html,900,900,3,0,0,0,135.1,80.2
Stanford Way,1,1,Stanford Way,6189 6193 6228 6231 6260 6422,Stanford_Way.html,6689,6689,3,1,0,1,1004.8,312.0
Nielsen Lane,1,1,Nielsen Lane,6197 6198 6199 6202,Nielsen_Lane.html,2287,2287,3,1,1,0,341.8,133.5
Newport Street,1,1,Newport Street,1789,Newport_Street.html,914,914,3,0,0,0,137.3,75.5
Laurelwood Court,1,1,Laurelwood Court,6298,Laurelwood_Court.html,586,586,3,0,0,0,87.6,61.8
Latour Avenue,1,1,Latour Avenue,5321,Latour_Avenue.html,2008,2008,3,0,0,0,301.6,118.4
Las Positas Court,1,1,Las Positas Court,4801 4805,Las_Positas_Court.html,2218,2218,3,0,0,0,333.1,139.9
Las Flores Road,5,5,Las Flores Road 5 of 5,5945,Las_Flores_Road_5_of_5.html,316,316,3,0,0,0,47.3,56.9
Spotorno Court,1,1,Spotorno Court,2741,Spotorno_Court.html,234,234,3,0,0,0,34.9,53.2
Spinosa Court,1,1,Spinosa Court,1774,Spinosa_Court.html,154,154,3,0,0,0,23.0,42.7
Cheshire Court,1,1,Cheshire Court,313,Cheshire_Court.html,400,400,3,0,0,0,60.0,59.6
Cherry Blossom Way,1,1,Cherry Blossom Way,6130,Cherry_Blossom_Way.html,874,874,3,1,1,0,131.2,79.3
Chelsea Way,1,1,Chelsea Way,4602,Chelsea_Way.html,2423,2423,3,0,0,0,363.8,135.7
Sparrow Court,2,2,Sparrow Court 2 of 2,3463,Sparrow_Court_2_of_2.html,339,339,3,0,0,0,50.6,50.4
South S Street,1,3,South S Street 1 of 3,4656 4668 4672 4710,South_S_Street_1_of_3.html,1885,1885,3,0,0,0,518.1,117.2
Clara Lane,2,2,Clara Lane 2 of 2,2337 2339 2341 2346,Clara_Lane_2_of_2.html,645,645,3,0,0,0,96.0,72.1
Cielo Court,1,1,Cielo Court,3674,Cielo_Court.html,586,586,3,0,0,0,87.7,60.0
Cid Way,1,1,Cid Way,571,Cid_Way.html,2153,2153,3,0,0,0,323.2,125.9
Norante Court,1,1,Norante Court,3712,Norante_Court.html,242,242,3,0,0,0,36.2,54.0
Lantana Avenue,1,1,Lantana Avenue,6025,Lantana_Avenue.html,1396,1396,3,1,1,0,209.5,102.4
Church Street,1,1,Church Street,5666 5735,Church_Street.html,1512,1512,3,1,0,1,226.7,107.6
Chippewa Way,1,1,Chippewa Way,3997 4040 4071,Chippewa_Way.html,1583,1583,3,0,0,0,237.4,102.3
Sorrento Place,1,1,Sorrento Place,4561,Sorrento_Place.html,586,586,3,0,0,0,87.7,67.4
College Avenue,2,3,College Avenue 2 of 3,4669 4671,College_Avenue_2_of_3.html,519,519,3,1,1,0,77.6,64.9
Cochise Way,1,1,Cochise Way,1220 1223,Cochise_Way.html,449,449,3,0,0,0,67.0,62.9
Snowball Court,1,1,Snowball Court,3525,Snowball_Court.html,590,590,3,0,0,0,88.3,61.3
Skylinks Way,1,1,Skylinks Way,8141 8155,Skylinks_Way.html,1125,1125,3,0,0,0,168.9,82.1
Conti Court,1,1,Conti Court,2820,Conti_Court.html,321,321,3,0,0,0,47.9,57.3
Covellite Lane,1,1,Covellite Lane,3469 3482,Covellite_Lane.html,3128,3128,3,1,1,0,468.9,178.2
Country Lane,2,2,Country Lane 2 of 2,6733 6734,Country_Lane_2_of_2.html,310,310,3,1,1,0,46.1,62.9
Kellogg Way,1,2,Kellogg Way 1 of 2,7026 7027 7029,Kellogg_Way_1_of_2.html,485,485,3,0,0,0,72.3,57.5
Knox Gate Court,1,1,Knox Gate Court,12,Knox_Gate_Court.html,449,449,3,0,0,0,67.3,55.7
Klamath Court,1,2,Klamath Court 1 of 2,1180,Klamath_Court_1_of_2.html,859,859,3,0,0,0,128.9,73.4
Lake Court,1,1,Lake Court,7737,Lake_Court.html,443,443,3,0,0,0,66.4,55.2
Ladd Avenue,1,1,Ladd Avenue,5635,Ladd_Avenue.html,2237,2237,3,0,0,0,335.6,132.1
Labecca Court,1,1,Labecca Court,1811,Labecca_Court.html,148,148,3,0,0,0,22.0,42.2
Cottonwood Court,1,1,Cottonwood Court,3227,Cottonwood_Court.html,1112,1112,3,1,1,0,167.1,88.5
Cortez Court,1,2,Cortez Court 1 of 2,697,Cortez_Court_1_of_2.html,732,732,3,0,0,0,109.6,67.3
Cristobal Way,1,1,Cristobal Way,592,Cristobal_Way.html,2422,2422,3,0,0,0,363.7,138.2
Crisfield Lane,1,1,Crisfield Lane,683 685,Crisfield_Lane.html,904,904,3,0,0,0,135.5,73.2
Shelburne Road,1,1,Shelburne Road,3190,Shelburne_Road.html,853,853,3,0,0,0,127.6,69.8
Shearwater Court,1,1,Shearwater Court,1046,Shearwater_Court.html,1056,1056,3,0,0,0,158.5,82.1
Shea Center Drive,1,1,Shea Center Drive,3411,Shea_Center_Drive.html,1591,1591,3,0,0,0,238.0,107.7
Shady Lane,1,1,Shady Lane,3794,Shady_Lane.html,599,599,3,0,0,0,89.9,61.3
Shadow Mist Court,1,1,Shadow Mist Court,3888,Shadow_Mist_Court.html,332,332,3,0,0,0,49.7,50.5
Daphne Drive,1,2,Daphne Drive 1 of 2,7257 7329,Daphne_Drive_1_of_2.html,1194,1194,3,0,0,0,179.2,88.0
Danbury Pk,2,2,Danbury Pk 2 of 2,596 597,Danbury_Pk_2_of_2.html,370,370,3,0,0,0,55.1,52.4
Danbury Pk,1,2,Danbury Pk 1 of 2,590 595,Danbury_Pk_1_of_2.html,371,371,3,0,0,0,55.2,52.3
Dana Court,1,1,Dana Court,6896,Dana_Court.html,769,769,3,0,0,0,115.4,69.5
Old Oak Place,1,1,Old Oak Place,3759,Old_Oak_Place.html,383,383,3,0,0,0,57.2,59.1
Oakville Lane,2,3,Oakville Lane 2 of 3,7529 7502,Oakville_Lane_2_of_3.html,898,898,3,0,0,0,264.4,74.7
Oakmont Circle,1,1,Oakmont Circle,8100,Oakmont_Circle.html,4747,4747,3,0,0,0,713.2,227.7
Oak Brook Court,1,1,Oak Brook Court,182,Oak_Brook_Court.html,1116,1116,3,1,1,0,167.6,90.1
Northwood Common,2,2,Northwood Common 2 of 2,3967,Northwood_Common_2_of_2.html,248,248,3,0,0,0,37.1,54.0
Kimberley Common,1,4,Kimberley Common 1 of 4,6673 6678 6689 6692 6786 6787 6825,Kimberley_Common_1_of_4.html,4217,4217,3,2,1,1,631.3,231.1
Killarney Street,1,1,Killarney Street,5144 5165,Killarney_Street.html,2899,2899,3,1,1,0,434.1,162.0
Kellogg Way,2,2,Kellogg Way 2 of 2,7028,Kellogg_Way_2_of_2.html,74,74,3,0,0,0,11.0,39.3
Deerwood Court,1,1,Deerwood Court,7804,Deerwood_Court.html,508,508,3,0,0,0,76.2,56.9
Debra Street,1,1,Debra Street,7184,Debra_Street.html,3575,3575,3,0,0,0,535.8,186.9
School Street,2,2,School Street 2 of 2,5495 5496 5497 5593,School_Street_2_of_2.html,2251,2251,3,0,0,0,336.3,126.8
Sauterne Way,1,1,Sauterne Way,1452 1455,Sauterne_Way.html,472,472,3,0,0,0,70.3,56.5
Saturn Way,1,1,Saturn Way,3838 3861,Saturn_Way.html,2193,2193,3,0,0,0,329.5,126.6
Saratoga Way,1,2,Saratoga Way 1 of 2,314,Saratoga_Way_1_of_2.html,468,468,3,0,0,0,69.9,63.7
Santel Court,1,1,Santel Court,2880,Santel_Court.html,300,300,3,0,0,0,44.8,56.6
Devon Place,1,1,Devon Place,6253,Devon_Place.html,1749,1749,3,0,0,0,262.6,104.9
Detert Court,1,1,Detert Court,7509,Detert_Court.html,1040,1040,3,1,1,0,156.0,86.3
Desiree Avenue,1,1,Desiree Avenue,7193,Desiree_Avenue.html,2939,2939,3,0,0,0,441.3,161.2
Jayhawk Lane,1,1,Jayhawk Lane,8095,Jayhawk_Lane.html,1981,1981,3,0,0,0,296.6,118.6
Kathy Way,1,1,Kathy Way,7086 7087 7090 7092 7147 7151 7157,Kathy_Way.html,4379,4379,3,0,0,0,657.3,222.8
Kara Place,1,1,Kara Place,5234,Kara_Place.html,874,874,3,0,0,0,130.6,72.4
Juniper Street,1,1,Juniper Street,4263 4276,Juniper_Street.html,2004,2004,3,0,0,0,300.9,122.8
Junco Avenue,1,1,Junco Avenue,3390 3394,Junco_Avenue.html,953,953,3,0,0,0,143.1,77.1
Dublin Avenue,1,1,Dublin Avenue,4666,Dublin_Avenue.html,2443,2443,3,0,0,0,365.6,135.2
Dry Creek Court,1,1,Dry Creek Court,7779,Dry_Creek_Court.html,561,561,3,0,0,0,83.8,60.3
Dove Court,1,1,Dove Court,7871,Dove_Court.html,705,705,3,0,0,0,105.9,65.2
Donata Court,1,1,Donata Court,3713,Donata_Court.html,253,253,3,0,0,0,37.8,54.6
Doccia Court,1,1,Doccia Court,2732,Doccia_Court.html,703,703,3,0,0,0,105.2,74.5
Sangro Court,1,1,Sangro Court,3718,Sangro_Court.html,434,434,3,0,0,0,65.0,69.7
Sandpiper Common,1,1,Sandpiper Common,3984 4044,Sandpiper_Common.html,738,738,3,0,0,0,110.2,73.9
Sandia Drive,1,1,Sandia Drive,1513 1514 1515 1518 1524,Sandia_Drive.html,2010,2010,3,0,0,0,300.7,127.0
San Remo Court,1,1,San Remo Court,4556,San_Remo_Court.html,920,920,3,0,0,0,137.6,82.3
East Airway Boulevard,3,3,East Airway Boulevard 3 of 3,4208,East_Airway_Boulevard_3_of_3.html,86,86,3,0,0,0,12.7,39.5
East Airway Boulevard,2,3,East Airway Boulevard 2 of 3,4210,East_Airway_Boulevard_2_of_3.html,239,239,3,0,0,0,35.7,46.1
Ithaca Way,2,2,Ithaca Way 2 of 2,1147,Ithaca_Way_2_of_2.html,358,358,3,0,0,0,53.6,51.8
Ithaca Way,1,2,Ithaca Way 1 of 2,1140,Ithaca_Way_1_of_2.html,1170,1170,3,1,1,0,175.5,108.3
Ironwood Drive,4,4,Ironwood Drive 4 of 4,2264,Ironwood_Drive_4_of_4.html,279,279,3,0,0,0,41.6,48.4
Orvieto Court,2,2,Orvieto Court 2 of 2,3813,Orvieto_Court_2_of_2.html,361,361,3,0,0,0,53.9,52.1
Orofino Court,1,1,Orofino Court,1449,Orofino_Court.html,788,788,3,0,0,0,117.9,69.8
Orchid Court,1,1,Orchid Court,7939,Orchid_Court.html,532,532,3,0,0,0,79.4,57.4
Joy Court,1,1,Joy Court,7303,Joy_Court.html,304,304,3,0,0,0,45.4,49.0
Jonquil Common,1,1,Jonquil Common,8164,Jonquil_Common.html,164,164,3,0,0,0,24.4,42.5
East 2nd Street,1,1,East 2nd Street,5738,East_2nd_Street.html,319,319,3,0,0,0,47.6,49.4
Dunsmuir Court,1,1,Dunsmuir Court,2178,Dunsmuir_Court.html,263,263,3,0,0,0,39.2,46.7
Saint Margarets Court,1,1,Saint Margarets Court,5196,Saint_Margarets_Court.html,451,451,3,1,1,0,67.5,61.6
Saint George Court,1,1,Saint George Court,5641,Saint_George_Court.html,575,575,3,0,0,0,86.0,62.0
Parkside Court,1,1,Parkside Court,6039,Parkside_Court.html,1250,1250,3,0,0,0,187.2,88.4
Oxsen Street,1,1,Oxsen Street,575,Oxsen_Street.html,839,839,3,0,0,0,125.5,72.1
Jaffa Road,1,1,Jaffa Road,5226,Jaffa_Road.html,533,533,3,0,0,0,79.6,59.1
Echo Summit Street,1,1,Echo Summit Street,7883 7884 7885,Echo_Summit_Street.html,1752,1752,3,2,2,0,261.9,113.2
Sagewood Court,1,1,Sagewood Court,2257,Sagewood_Court.html,403,403,3,1,1,0,60.5,59.3
Saddleview Court,1,1,Saddleview Court,7801,Saddleview_Court.html,459,459,3,0,0,0,68.5,62.1
Saddleback Circle,2,2,Saddleback Circle 2 of 2,3172,Saddleback_Circle_2_of_2.html,482,482,3,1,1,0,72.3,62.0
Rutgers Court,1,1,Rutgers Court,6530,Rutgers_Court.html,579,579,3,0,0,0,86.9,58.4
Elsnab Court,1,1,Elsnab Court,158,Elsnab_Court.html,229,229,3,0,0,0,34.2,46.2
El Rio Court,1,1,El Rio Court,7799,El_Rio_Court.html,441,441,3,0,0,0,65.8,61.2
El Dorado Court,1,2,El Dorado Court 1 of 2,1038,El_Dorado_Court_1_of_2.html,553,553,3,0,0,0,83.1,60.2
Erica Court,1,1,Erica Court,6872,Erica_Court.html,328,328,3,0,0,0,49.1,50.1
Emily Court,1,1,Emily Court,7068,Emily_Court.html,421,421,3,1,1,0,63.1,60.7
Embassy Circle,2,2,Embassy Circle 2 of 2,7065,Embassy_Circle_2_of_2.html,368,368,3,0,0,0,54.9,50.2
Embassy Circle,1,2,Embassy Circle 1 of 2,7468 7469,Embassy_Circle_1_of_2.html,3354,3354,3,1,1,0,502.4,182.3
Running Hills Avenue,1,1,Running Hills Avenue,8149,Running_Hills_Avenue.html,2331,2331,3,0,0,0,349.9,130.7
Royalton Court,1,1,Royalton Court,642,Royalton_Court.html,704,704,3,0,0,0,105.3,66.9
Royal Road,1,1,Royal Road,5845,Royal_Road.html,367,367,3,0,0,0,54.7,51.2
Roxanne Street,1,1,Roxanne Street,7154 7162 7167 7168,Roxanne_Street.html,2522,2522,3,0,0,0,377.7,143.4
Everglades Lane,1,1,Everglades Lane,3426 3427 3428,Everglades_Lane.html,4007,4007,3,0,0,0,600.1,209.0
Hillflower Drive,1,1,Hillflower Drive,8059,Hillflower_Drive.html,2426,2426,3,0,0,0,364.2,136.6
Partridge Common,1,2,Partridge Common 1 of 2,4048,Partridge_Common_1_of_2.html,784,784,3,0,0,0,117.3,75.6
Parma Court,1,1,Parma Court,2827,Parma_Court.html,877,877,3,0,0,0,131.2,75.3
Iberis Court,1,1,Iberis Court,1810,Iberis_Court.html,155,155,3,0,0,0,23.0,49.8
Hummingbird Lane,1,1,Hummingbird Lane,3554,Hummingbird_Lane.html,3153,3153,3,0,0,0,473.2,164.4
Huff Court,1,1,Huff Court,177,Huff_Court.html,503,503,3,0,0,0,75.2,58.2
Hopps Lane,1,1,Hopps Lane,7039,Hopps_Lane.html,275,275,3,0,0,0,41.2,47.2
Eucalyptus Court,1,1,Eucalyptus Court,3335,Eucalyptus_Court.html,423,423,3,0,0,0,63.1,54.0
Ross Gate Court,1,1,Ross Gate Court,1117,Ross_Gate_Court.html,257,257,3,0,0,0,38.5,47.2
Rosemary Common,1,1,Rosemary Common,7741,Rosemary_Common.html,282,282,3,0,0,0,42.3,48.3
Roma Street,1,1,Roma Street,3194 3361 3363,Roma_Street.html,2134,2134,3,1,1,0,319.2,132.6
Fieldview Court,1,1,Fieldview Court,146,Fieldview_Court.html,428,428,3,0,0,0,64.3,54.0
Fenton Street,1,1,Fenton Street,4170 4171,Fenton_Street.html,2104,2104,3,1,1,0,314.6,126.9
Helsinki Way,1,1,Helsinki Way,4565 4570 5167 5221 5225 5228 5242 5245,Helsinki_Way.html,8053,8053,3,0,0,0,1208.0,379.2
Heidi Way,1,1,Heidi Way,7249 7331,Heidi_Way.html,1129,1129,3,0,0,0,169.3,84.6
Head Way,1,1,Head Way,82,Head_Way.html,581,581,3,0,0,0,87.2,61.3
Peony Drive,1,1,Peony Drive,6007,Peony_Drive.html,2308,2308,3,0,0,0,345.9,136.4
Hillview Drive,1,1,Hillview Drive,4258 4265 4277 4280,Hillview_Drive.html,2527,2527,3,0,0,0,378.7,144.9
Felton Terrace,1,1,Felton Terrace,1792,Felton_Terrace.html,734,734,3,0,0,0,110.3,67.4
Rodeo Lane,1,1,Rodeo Lane,6463,Rodeo_Lane.html,2107,2107,3,0,0,0,316.5,127.0
Rock Point Place,1,1,Rock Point Place,3791,Rock_Point_Place.html,562,562,3,0,0,0,84.0,60.0
Findlay Way,1,1,Findlay Way,6206 6250,Findlay_Way.html,3424,3424,3,0,0,0,514.4,169.7
Rivestone Common,1,1,Rivestone Common,3523,Rivestone_Common.html,186,186,3,0,0,0,27.8,44.0
Rivers Bend Circle,3,4,Rivers Bend Circle 3 of 4,5800 5801,Rivers_Bend_Circle_3_of_4.html,765,765,3,2,1,1,114.8,88.1
Ridgestone Court,1,1,Ridgestone Court,7900,Ridgestone_Court.html,209,209,3,0,0,0,31.2,51.9
Ridge Court,1,1,Ridge Court,7792,Ridge_Court.html,1676,1676,3,1,1,0,251.3,111.5
Foscalina Court,1,1,Foscalina Court,5324,Foscalina_Court.html,265,265,3,0,0,0,39.8,46.8
Forenza Court,1,1,Forenza Court,2720,Forenza_Court.html,416,416,3,0,0,0,62.3,61.8
Hattan Drive,1,1,Hattan Drive,8052,Hattan_Drive.html,1212,1212,3,0,0,0,181.3,86.0
Hartwell Court,1,1,Hartwell Court,1771,Hartwell_Court.html,734,734,3,0,0,0,110.3,67.5
Rhea Way,1,1,Rhea Way,3772,Rhea_Way.html,2589,2589,3,0,0,0,389.2,142.2
Reserve Common,1,1,Reserve Common,4817,Reserve_Common.html,264,264,3,0,0,0,39.4,47.2
Rennellwood Way,1,1,Rennellwood Way,574,Rennellwood_Way.html,2863,2863,3,0,0,0,429.3,161.8
Foxswallow Road,1,1,Foxswallow Road,1040 1179,Foxswallow_Road.html,2205,2205,3,0,0,0,330.8,128.9
Rasmussen Court,1,1,Rasmussen Court,2184,Rasmussen_Court.html,381,381,3,0,0,0,57.0,52.9
Garatti Court,1,1,Garatti Court,45,Garatti_Court.html,1034,1034,3,0,0,0,155.0,88.5
Galanti Court,1,1,Galanti Court,2718,Galanti_Court.html,549,549,3,0,0,0,82.3,67.4
Funston Gate Court,1,1,Funston Gate Court,1121,Funston_Gate_Court.html,483,483,3,1,1,0,72.3,63.6
French Oak Place,1,1,French Oak Place,3792,French_Oak_Place.html,457,457,3,0,0,0,68.4,56.0
Randick Court,1,1,Randick Court,160 161,Randick_Court.html,425,425,3,0,0,0,63.4,54.0
Railroad Avenue,4,5,Railroad Avenue 4 of 5,5821,Railroad_Avenue_4_of_5.html,198,198,3,0,0,0,29.5,51.8
Geraldine Street,1,1,Geraldine Street,7178 7188 7190,Geraldine_Street.html,3712,3712,3,0,0,0,555.5,196.4
Geneva Street,1,1,Geneva Street,4909 4910,Geneva_Street.html,2571,2571,3,0,0,0,384.7,141.9
Goldstone Common,1,1,Goldstone Common,3504,Goldstone_Common.html,183,183,3,0,0,0,27.3,43.9
Goldfinch Way,1,1,Goldfinch Way,3530 3534,Goldfinch_Way.html,1134,1134,3,0,0,0,170.2,83.6
Gloria Way,1,1,Gloria Way,7304 7311,Gloria_Way.html,1019,1019,3,1,1,0,152.8,86.4
Half Dome Court,1,1,Half Dome Court,7842,Half_Dome_Court.html,878,878,3,0,0,0,131.9,71.4
Haggin Oaks Avenue,1,1,Haggin Oaks Avenue,8124 8126 8136,Haggin_Oaks_Avenue.html,3205,3205,3,0,0,0,481.5,170.5
Pleasant Avenue,1,1,Pleasant Avenue,7974,Pleasant_Avenue.html,952,952,3,0,0,0,142.3,74.2
Placer Court,1,1,Placer Court,4020,Placer_Court.html,208,208,3,0,0,0,31.0,44.9
Pinto Street,1,1,Pinto Street,6100,Pinto_Street.html,531,531,3,0,0,0,79.7,57.4
Pinewood Common,1,1,Pinewood Common,7474,Pinewood_Common.html,240,240,3,0,0,0,35.8,45.7
Pimlico Drive,2,2,Pimlico Drive 2 of 2,485 746,Pimlico_Drive_2_of_2.html,855,855,3,0,0,0,128.2,79.6
Hazelhurst Court,1,1,Hazelhurst Court,660,Hazelhurst_Court.html,1008,1008,3,0,0,0,151.1,80.1
Hayford Court,1,1,Hayford Court,680,Hayford_Court.html,183,183,3,0,0,0,27.2,44.2
Hawk Street,1,1,Hawk Street,7742 7743,Hawk_Street.html,1049,1049,3,1,1,0,156.8,87.7
Glasgow Circle,1,1,Glasgow Circle,6375,Glasgow_Circle.html,2041,2041,3,0,0,0,306.0,127.3
Gillette Place,1,1,Gillette Place,4971,Gillette_Place.html,352,352,3,0,0,0,52.6,51.1
Quail Court,1,1,Quail Court,5705,Quail_Court.html,734,734,3,0,0,0,110.2,66.6
Purdue Way,1,1,Purdue Way,6262,Purdue_Way.html,1858,1858,3,0,0,0,278.5,111.2
Provence Court,1,1,Provence Court,5431,Provence_Court.html,318,318,3,0,0,0,47.7,48.3
Princeton Way,1,1,Princeton Way,6259 6424,Princeton_Way.html,3958,3958,3,0,0,0,594.8,190.3
Primrose Lane,1,1,Primrose Lane,6003,Primrose_Lane.html,2247,2247,3,0,0,0,336.8,133.0
Gravina Place,2,2,Gravina Place 2 of 2,2742 2743,Gravina_Place_2_of_2.html,865,865,3,0,0,0,129.6,81.4
Gusty Loop,3,3,Gusty Loop 3 of 3,7366,Gusty_Loop_3_of_3.html,250,250,3,0,0,0,37.4,54.0
Grove Court,1,1,Grove Court,6575,Grove_Court.html,468,468,3,0,0,0,70.3,61.5
Grey Eagle Court,1,1,Grey Eagle Court,2333 2571 2582,Grey_Eagle_Court.html,3055,3055,3,0,0,0,458.4,173.3
Ponte Court,1,1,Ponte Court,3680,Ponte_Court.html,500,500,3,0,0,0,75.0,57.0
Polk Way,1,1,Polk Way,6173,Polk_Way.html,1197,1197,3,0,0,0,179.3,86.2
Polaris Way,1,1,Polaris Way,3857,Polaris_Way.html,2703,2703,3,2,2,0,405.6,159.9
Hampstead Court,1,1,Hampstead Court,5595,Hampstead_Court.html,608,608,3,0,0,0,91.1,63.2
Grapevine Drive,2,2,Grapevine Drive 2 of 2,1454 1456,Grapevine_Drive_2_of_2.html,582,582,3,0,0,0,86.8,70.0
Portola Meadows Road,3,3,Portola Meadows Road 3 of 3,4754 4762,Portola_Meadows_Road_3_of_3.html,431,431,3,0,0,0,64.4,54.7
Portola Meadows Road,2,3,Portola Meadows Road 2 of 3,4755 4758,Portola_Meadows_Road_2_of_3.html,441,441,3,0,0,0,65.8,55.1
Portola Common,3,8,Portola Common 3 of 8,6406 6398,Portola_Common_3_of_8.html,354,354,3,0,0,0,146.2,57.4
Hadsell Court,1,1,Hadsell Court,1867,Hadsell_Court.html,804,804,3,0,0,0,120.9,69.9
Worthing Common,1,1,Worthing Common,5592 5607 5612 5613,Worthing_Common.html,1835,1835,3,0,0,0,274.9,116.0
Woodthrush Road,1,1,Woodthrush Road,1118,Woodthrush_Road.html,666,666,3,0,0,0,99.8,65.5
Woodthrush Court,1,1,Woodthrush Court,1156,Woodthrush_Court.html,769,769,3,0,0,0,115.4,69.4
Winged Foot Court,1,1,Winged Foot Court,7958,Winged_Foot_Court.html,815,815,3,1,1,0,121.9,76.0
Alpina Court,1,1,Alpina Court,1764,Alpina_Court.html,189,189,3,0,0,0,28.2,43.7
Marlys Common,1,1,Marlys Common,5503,Marlys_Common.html,479,479,3,0,0,0,71.6,55.8
Yuma Way,1,1,Yuma Way,1192 1193,Yuma_Way.html,719,719,3,0,0,0,107.3,67.1
Yuma Court,1,1,Yuma Court,1185,Yuma_Court.html,232,232,3,0,0,0,34.7,53.8
Yukon Way,1,1,Yukon Way,3585 3613,Yukon_Way.html,1201,1201,3,0,0,0,180.3,86.8
Yorkshire Court,2,2,Yorkshire Court 2 of 2,2164,Yorkshire_Court_2_of_2.html,543,543,3,0,0,0,81.2,58.3
York Way,1,1,York Way,3350,York_Way.html,197,197,3,0,0,0,29.5,44.0
Xavier Way,1,1,Xavier Way,6210 6211 6212 6213,Xavier_Way.html,2279,2279,3,1,1,0,340.6,133.9
Adams Avenue,3,6,Adams Avenue 3 of 6,6552,Adams_Avenue_3_of_6.html,517,517,3,0,0,0,77.6,56.1
Amy Court,1,1,Amy Court,6712,Amy_Court.html,213,213,2,0,0,0,31.9,44.9
Andalucia Street,1,1,Andalucia Street,3932,Andalucia_Street.html,518,518,2,0,0,0,77.5,58.0
Alexander Court,1,1,Alexander Court,652,Alexander_Court.html,726,726,2,0,0,0,108.6,67.4
Almaden Court,1,1,Almaden Court,7970,Almaden_Court.html,599,599,2,0,0,0,89.6,68.9
Agnes Street,1,1,Agnes Street,6612,Agnes_Street.html,391,391,2,1,1,0,58.4,58.8
Abalone Place,1,1,Abalone Place,3615,Abalone_Place.html,487,487,2,0,0,0,73.0,55.8
Zenith Way,1,1,Zenith Way,2211,Zenith_Way.html,855,855,2,1,1,0,128.1,86.7
Zephyr Place,1,1,Zephyr Place,4835,Zephyr_Place.html,343,343,2,0,0,0,51.3,50.6
Zeppelin Drive,1,1,Zeppelin Drive,3414 3424,Zeppelin_Drive.html,661,661,2,1,1,0,98.7,69.2
Zermatt Street,1,1,Zermatt Street,3204,Zermatt_Street.html,556,556,2,0,0,0,83.5,59.4
Zinfandel Court,1,1,Zinfandel Court,5318,Zinfandel_Court.html,251,251,2,0,0,0,37.4,46.3
Zinnia Court,1,1,Zinnia Court,6023,Zinnia_Court.html,802,802,2,0,0,0,120.3,70.5
Acorn Place,1,1,Acorn Place,3609,Acorn_Place.html,829,829,2,0,0,0,124.5,68.8
Ames Street,1,1,Ames Street,5882 5883,Ames_Street.html,2599,2599,2,1,1,0,388.9,148.2
Marcia Court,1,1,Marcia Court,6790,Marcia_Court.html,742,742,2,0,0,0,111.1,68.3
Medolla Court,1,1,Medolla Court,4464,Medolla_Court.html,405,405,2,0,0,0,60.8,53.4
Melbourne Court,1,1,Melbourne Court,2251 2252,Melbourne_Court.html,525,525,2,1,1,0,78.4,64.0
Pomezia Court,1,1,Pomezia Court,2745,Pomezia_Court.html,958,958,2,0,0,0,143.6,85.6
Pomona Court,1,1,Pomona Court,6191,Pomona_Court.html,288,288,2,0,0,0,43.1,48.3
Grosvenor Heights Court,1,1,Grosvenor Heights Court,5206,Grosvenor_Heights_Court.html,346,346,2,0,0,0,51.7,51.3
Gusty Loop,1,3,Gusty Loop 1 of 3,7365,Gusty_Loop_1_of_3.html,591,591,2,1,1,0,88.3,68.0
Greenhills Court,1,1,Greenhills Court,7878,Greenhills_Court.html,338,338,2,1,1,0,50.7,56.4
Greens Court,1,1,Greens Court,6114,Greens_Court.html,565,565,2,0,0,0,84.7,59.6
Arronia Court,1,1,Arronia Court,2235,Arronia_Court.html,162,162,2,0,0,0,24.1,42.3
White Oak Place,1,1,White Oak Place,3762,White_Oak_Place.html,307,307,2,0,0,0,45.9,49.2
Hayes Court,1,1,Hayes Court,6223,Hayes_Court.html,702,702,2,0,0,0,105.1,66.0
Hall Court,1,1,Hall Court,119,Hall_Court.html,379,379,2,0,0,0,56.5,51.6
Golden Crest Common,1,1,Golden Crest Common,2996,Golden_Crest_Common.html,212,212,2,0,0,0,31.7,45.0
Garaventa Ranch Road,3,3,Garaventa Ranch Road 3 of 3,8160,Garaventa_Ranch_Road_3_of_3.html,98,98,2,0,0,0,14.6,39.9
Potenza Court,1,1,Potenza Court,4466,Potenza_Court.html,459,459,2,0,0,0,68.7,56.1
Grape Leaf Lane,1,1,Grape Leaf Lane,5172,Grape_Leaf_Lane.html,324,324,2,0,0,0,48.3,49.6
Hampton Place,1,1,Hampton Place,4620,Hampton_Place.html,291,291,2,0,0,0,43.5,49.0
Mendenhall Court,1,1,Mendenhall Court,1865,Mendenhall_Court.html,960,960,2,1,1,0,143.8,81.7
Mercury Road,1,1,Mercury Road,3834 3835 4450,Mercury_Road.html,2730,2730,2,0,0,0,408.6,154.8
Merritt Lane,1,1,Merritt Lane,4549 4553,Merritt_Lane.html,767,767,2,0,0,0,115.0,69.9
Mesquite Way,1,1,Mesquite Way,7436 7458 7463 7464 7465 7434,Mesquite_Way.html,6241,6241,2,1,0,1,1035.5,304.1
Audry Street,1,1,Audry Street,6701 6703,Audry_Street.html,470,470,2,0,0,0,70.1,56.0
Armstrong Street,1,1,Armstrong Street,2950 2951,Armstrong_Street.html,2285,2285,2,0,0,0,341.7,136.2
Avenida de Las Palmas,1,4,Avenida de Las Palmas 1 of 4,3239 3242 3915 3251 3268,Avenida_de_Las_Palmas_1_of_4.html,1702,1702,2,0,0,0,266.6,109.1
Gale Street,1,1,Gale Street,6630 6633 6682,Gale_Street.html,1231,1231,2,0,0,0,184.4,89.0
Gamay Common,1,1,Gamay Common,5684,Gamay_Common.html,1163,1163,2,1,0,1,174.5,89.5
Ravenna Street,1,1,Ravenna Street,3216,Ravenna_Street.html,629,629,2,0,0,0,94.4,62.0
Red Feather Court,1,1,Red Feather Court,2585 2330,Red_Feather_Court.html,2240,2240,2,0,0,0,350.4,137.0
Redondo Way,1,1,Redondo Way,4418 4436,Redondo_Way.html,1957,1957,2,0,0,0,294.0,116.8
Promenade Way,1,1,Promenade Way,29 30,Promenade_Way.html,1003,1003,2,1,1,0,150.3,86.5
Pyrite Court,1,1,Pyrite Court,3630,Pyrite_Court.html,304,304,2,1,1,0,45.4,55.6
Gladiolus Court,1,1,Gladiolus Court,6037,Gladiolus_Court.html,704,704,2,1,1,0,105.7,72.8
Azores Court,1,1,Azores Court,6576,Azores_Court.html,512,512,2,0,0,0,76.9,58.0
Azurite Way,1,1,Azurite Way,2873,Azurite_Way.html,759,759,2,0,0,0,113.9,68.4
Wayland Loop,2,2,Wayland Loop 2 of 2,3284,Wayland_Loop_2_of_2.html,604,604,2,1,1,0,90.3,68.3
Westminster Way,1,1,Westminster Way,5015,Westminster_Way.html,1568,1568,2,0,0,0,235.6,101.1
Aspen Court,1,1,Aspen Court,8069,Aspen_Court.html,331,331,2,0,0,0,49.4,49.4
Auburn Street,1,1,Auburn Street,6544,Auburn_Street.html,1406,1406,2,1,1,0,210.5,98.6
Marbury Road,1,1,Marbury Road,4534 4536,Marbury_Road.html,1526,1526,2,0,0,0,228.4,100.1
Mahogany Court,1,1,Mahogany Court,3602,Mahogany_Court.html,204,204,2,0,0,0,30.5,44.8
Mimosa Street,1,1,Mimosa Street,8070,Mimosa_Street.html,224,224,2,0,0,0,33.4,44.9
Rhone Place,1,1,Rhone Place,2677,Rhone_Place.html,705,705,2,0,0,0,105.6,67.0
Flemington Court,1,1,Flemington Court,73 74,Flemington_Court.html,1625,1625,2,1,1,0,243.1,112.1
Fluorite Court,1,1,Fluorite Court,3612 3616,Fluorite_Court.html,478,478,2,1,1,0,71.2,61.6
Flurry Drive,3,3,Flurry Drive 3 of 3,7360,Flurry_Drive_3_of_3.html,135,135,2,0,0,0,20.1,41.8
Hibiscus Way,1,1,Hibiscus Way,5951,Hibiscus_Way.html,2802,2802,2,0,0,0,419.8,157.2
Pestana Place,1,1,Pestana Place,5551,Pestana_Place.html,220,220,2,0,0,0,32.7,45.1
Gerrilyn Way,1,1,Gerrilyn Way,6716 6752,Gerrilyn_Way.html,939,939,2,0,0,0,140.7,76.3
Quartz Circle,1,2,Quartz Circle 1 of 2,3511 3512,Quartz_Circle_1_of_2.html,2828,2828,2,1,1,0,423.9,164.2
Frog Hill Lane,1,1,Frog Hill Lane,2643 2650,Frog_Hill_Lane.html,958,958,2,0,0,0,143.2,78.9
Miramonte Lane,1,1,Miramonte Lane,6310,Miramonte_Lane.html,908,908,2,0,0,0,135.9,75.0
Lozano Court,1,1,Lozano Court,2838,Lozano_Court.html,318,318,2,0,0,0,47.6,57.5
Baltusrol Court,2,2,Baltusrol Court 2 of 2,7932 7933,Baltusrol_Court_2_of_2.html,368,368,2,0,0,0,54.9,51.9
Bannock Street,1,1,Bannock Street,4190,Bannock_Street.html,1853,1853,2,0,0,0,277.2,109.1
Batavia Avenue,1,1,Batavia Avenue,4657,Batavia_Avenue.html,2090,2090,2,0,0,0,312.8,120.9
Washoe Way,1,1,Washoe Way,1219,Washoe_Way.html,347,347,2,0,0,0,51.8,51.2
Village Green Drive,1,1,Village Green Drive,7860,Village_Green_Drive.html,1085,1085,2,0,0,0,162.5,80.4
Belmont Way,1,1,Belmont Way,307,Belmont_Way.html,488,488,2,0,0,0,73.0,64.8
Berkshire Avenue,1,1,Berkshire Avenue,5891,Berkshire_Avenue.html,481,481,2,0,0,0,72.2,54.4
Hartley Gate Court,1,1,Hartley Gate Court,1136,Hartley_Gate_Court.html,777,777,2,0,0,0,116.5,69.7
Harvard Court,1,1,Harvard Court,6485,Harvard_Court.html,623,623,2,0,0,0,93.5,60.3
Fordham Way,1,1,Fordham Way,6265 6270 6274,Fordham_Way.html,2207,2207,2,0,0,0,331.3,127.0
Forester Court,1,1,Forester Court,6360,Forester_Court.html,397,397,2,0,0,0,59.3,53.3
Ridgecrest Way,1,1,Ridgecrest Way,5568,Ridgecrest_Way.html,1022,1022,2,0,0,0,153.5,78.1
Rincon Avenue,2,3,Rincon Avenue 2 of 3,4225,Rincon_Avenue_2_of_3.html,263,263,2,0,0,0,39.3,46.7
Freeda Court,1,2,Freeda Court 1 of 2,6225,Freeda_Court_1_of_2.html,877,877,2,0,0,0,131.6,79.5
Regulus Road,1,1,Regulus Road,3764 3784,Regulus_Road.html,2565,2565,2,0,0,0,385.3,146.7
Rheem Court,1,1,Rheem Court,561,Rheem_Court.html,423,423,2,0,0,0,63.2,54.2
Bersano Court,1,1,Bersano Court,2796,Bersano_Court.html,675,675,2,0,0,0,101.0,73.0
Beech Common,1,1,Beech Common,8196,Beech_Common.html,182,182,2,0,0,0,27.1,43.1
Begonia Court,1,1,Begonia Court,115,Begonia_Court.html,239,239,2,0,0,0,35.7,46.4
Vine Court,1,1,Vine Court,6520,Vine_Court.html,688,688,2,0,0,0,103.3,65.7
Mackenzie Court,1,1,Mackenzie Court,6178,Mackenzie_Court.html,415,415,2,0,0,0,62.0,54.3
Maddalena Court,1,1,Maddalena Court,2802,Maddalena_Court.html,303,303,2,0,0,0,45.4,48.9
Mohawk Drive,1,1,Mohawk Drive,4062,Mohawk_Drive.html,1919,1919,2,0,0,0,288.3,114.1
Mollie Circle,1,1,Mollie Circle,8024 8028,Mollie_Circle.html,2080,2080,2,1,1,0,312.1,129.3
Monarda Court,1,1,Monarda Court,1761,Monarda_Court.html,141,141,2,0,0,0,21.0,41.6
Robin Common,1,4,Robin Common 1 of 4,6686,Robin_Common_1_of_4.html,170,170,2,0,0,0,25.4,43.1
Robin Common,2,4,Robin Common 2 of 4,6687,Robin_Common_2_of_4.html,169,169,2,0,0,0,25.3,43.0
Robin Common,4,4,Robin Common 4 of 4,6685 6688,Robin_Common_4_of_4.html,147,147,2,0,0,0,21.8,42.1
Rollingstone Common,1,1,Rollingstone Common,3518,Rollingstone_Common.html,181,181,2,0,0,0,26.9,43.6
Farmington Way,1,1,Farmington Way,4376 4405,Farmington_Way.html,1743,1743,2,0,0,0,261.6,112.8
Feldspar Court,1,1,Feldspar Court,3642,Feldspar_Court.html,460,460,2,0,0,0,68.8,55.2
Hillstone Drive,1,1,Hillstone Drive,7776 7777,Hillstone_Drive.html,1054,1054,2,0,0,0,157.5,81.6
Phlox Way,1,1,Phlox Way,8071,Phlox_Way.html,526,526,2,0,0,0,78.9,57.0
Phoebe Court,1,1,Phoebe Court,130,Phoebe_Court.html,217,217,2,0,0,0,32.4,45.5
Phyllis Court,1,1,Phyllis Court,6620,Phyllis_Court.html,682,682,2,0,0,0,102.0,63.8
Pickfair Lane,1,1,Pickfair Lane,5846,Pickfair_Lane.html,2049,2049,2,0,0,0,307.5,127.7
Peru Court,1,1,Peru Court,664,Peru_Court.html,409,409,2,0,0,0,61.1,52.9
Pesaro Way,1,1,Pesaro Way,4456,Pesaro_Way.html,884,884,2,0,0,0,132.8,72.5
Roselli Drive,1,1,Roselli Drive,4444 4445 4446 4447,Roselli_Drive.html,2018,2018,2,0,0,0,301.6,121.1
Rosewood Drive,3,3,Rosewood Drive 3 of 3,1080,Rosewood_Drive_3_of_3.html,115,115,2,0,0,0,17.1,48.1
Firenza Court,1,1,Firenza Court,3360,Firenza_Court.html,488,488,2,0,0,0,73.2,56.0
First Street,3,5,First Street 3 of 5,4674 4709 4855 4870,First_Street_3_of_5.html,2654,2654,2,0,0,0,398.3,151.1
Livorno Court,1,1,Livorno Court,4483,Livorno_Court.html,502,502,2,0,0,0,75.0,56.7
Blackoak Court,1,1,Blackoak Court,7753,Blackoak_Court.html,438,438,2,0,0,0,65.4,54.5
Via Madrid,1,1,Via Madrid,4321,Via_Madrid.html,3337,3337,2,0,0,0,500.7,177.3
Viano Way,1,1,Viano Way,3816,Viano_Way.html,573,573,2,0,0,0,85.7,60.7
Victoria Court,1,1,Victoria Court,5208,Victoria_Court.html,398,398,2,0,0,0,59.5,53.4
Village Court,1,1,Village Court,7790,Village_Court.html,507,507,2,1,1,0,76.1,63.3
Ventura Avenue,1,1,Ventura Avenue,4111 4182 4303 4315,Ventura_Avenue.html,4408,4408,2,0,0,0,662.0,219.6
Berwind Avenue,1,1,Berwind Avenue,8113 8116,Berwind_Avenue.html,1015,1015,2,0,0,0,152.3,77.8
Bivar Court,1,1,Bivar Court,585,Bivar_Court.html,394,394,2,0,0,0,58.8,52.0
Bradford Way,6,6,Bradford Way 6 of 6,1800,Bradford_Way_6_of_6.html,87,87,2,0,0,0,13.0,39.7
Valdosta Court,1,1,Valdosta Court,1101,Valdosta_Court.html,366,366,2,0,0,0,54.7,52.0
Valley Avenue,3,3,Valley Avenue 3 of 3,713,Valley_Avenue_3_of_3.html,396,396,2,0,0,0,59.2,53.1
Independence Drive,2,2,Independence Drive 2 of 2,2980 2981,Independence_Drive_2_of_2.html,325,325,2,0,0,0,48.3,50.7
Hillcrest Court,1,1,Hillcrest Court,6255,Hillcrest_Court.html,2043,2043,2,1,1,0,306.3,123.5
Eve Lane,1,1,Eve Lane,6904,Eve_Lane.html,1741,1741,2,0,0,0,261.2,111.7
Fairway Court,1,1,Fairway Court,6112,Fairway_Court.html,558,558,2,0,0,0,83.7,59.9
Hollice Court,1,1,Hollice Court,6892,Hollice_Court.html,713,713,2,0,0,0,107.1,65.7
Pendolino Lane,5,5,Pendolino Lane 5 of 5,5348,Pendolino_Lane_5_of_5.html,173,173,2,0,0,0,25.7,43.5
Peppertree Place,1,1,Peppertree Place,5152,Peppertree_Place.html,646,646,2,0,0,0,96.9,64.1
Blackwood Common,1,4,Blackwood Common 1 of 4,4764,Blackwood_Common_1_of_4.html,1051,1051,2,1,1,0,157.5,86.7
Blackwood Common,3,4,Blackwood Common 3 of 4,4766,Blackwood_Common_3_of_4.html,278,278,2,0,0,0,41.6,47.7
Blacow Court,1,1,Blacow Court,125,Blacow_Court.html,512,512,2,0,0,0,76.6,58.2
Blacow Street,1,1,Blacow Street,121,Blacow_Street.html,643,643,2,0,0,0,96.1,63.1
Bluffs Court,1,1,Bluffs Court,7736,Bluffs_Court.html,824,824,2,0,0,0,123.3,71.4
Bluffs Drive,2,3,Bluffs Drive 2 of 3,7785,Bluffs_Drive_2_of_3.html,275,275,2,1,1,0,41.3,54.2
Bluffs Drive,3,3,Bluffs Drive 3 of 3,7784,Bluffs_Drive_3_of_3.html,268,268,2,0,0,0,40.1,47.5
Tranquility Circle,3,3,Tranquility Circle 3 of 3,3149,Tranquility_Circle_3_of_3.html,110,110,2,0,0,0,16.4,40.6
Escondido Circle,3,7,Escondido Circle 3 of 7,3264,Escondido_Circle_3_of_7.html,514,514,2,0,0,0,77.0,58.2
El Dorado Court,2,2,El Dorado Court 2 of 2,4366,El_Dorado_Court_2_of_2.html,361,361,2,0,0,0,53.9,49.2
El Rancho Drive,1,1,El Rancho Drive,4134 4181,El_Rancho_Drive.html,3117,3117,2,0,0,0,468.1,170.3
Elaine Avenue,1,1,Elaine Avenue,4158 4165 4329 4344 4345,Elaine_Avenue.html,3353,3353,2,0,0,0,503.3,176.2
Elsa Common,1,1,Elsa Common,4806,Elsa_Common.html,414,414,2,0,0,0,62.2,53.3
Rutherford Court,1,2,Rutherford Court 1 of 2,7533 7534,Rutherford_Court_1_of_2.html,730,730,2,0,0,0,109.1,68.2
Jacquiline Way,1,1,Jacquiline Way,7077 7081 7082,Jacquiline_Way.html,1620,1620,2,0,0,0,243.1,104.9
Jami Court,1,1,Jami Court,6603,Jami_Court.html,432,432,2,0,0,0,64.5,53.8
Janet Court,1,1,Janet Court,6901,Janet_Court.html,663,663,2,0,0,0,99.3,63.8
Evans Place,1,1,Evans Place,4626,Evans_Place.html,361,361,2,0,0,0,54.1,50.6
Tuberose Court,1,1,Tuberose Court,1779,Tuberose_Court.html,159,159,2,0,0,0,23.7,42.4
Upland Court,1,1,Upland Court,4551,Upland_Court.html,596,596,2,0,0,0,89.1,60.3
Ursla Street,1,1,Ursla Street,6873,Ursla_Street.html,605,605,2,0,0,0,90.4,60.7
Bradford Way,3,6,Bradford Way 3 of 6,1799,Bradford_Way_3_of_6.html,430,430,2,0,0,0,64.4,54.9
Bradford Way,5,6,Bradford Way 5 of 6,1798,Bradford_Way_5_of_6.html,405,405,2,0,0,0,60.6,53.8
Montarossa Court,2,2,Montarossa Court 2 of 2,5412,Montarossa_Court_2_of_2.html,189,189,2,0,0,0,28.1,43.7
Montpelier Court,1,1,Montpelier Court,1066 1071,Montpelier_Court.html,832,832,2,0,0,0,124.3,72.4
Lido Drive,1,1,Lido Drive,3863 3908 3912,Lido_Drive.html,3593,3593,2,0,0,0,539.1,191.0
Ironstone Common,1,1,Ironstone Common,3537,Ironstone_Common.html,184,184,2,0,0,0,27.5,43.7
Pacific Avenue,1,1,Pacific Avenue,5543 5546 6429 6450 6476 6477,Pacific_Avenue.html,4035,4035,2,1,0,1,605.6,202.1
Palm Avenue,1,1,Palm Avenue,5467 5468 5491 5673 5691 5712,Palm_Avenue.html,3589,3589,2,0,0,0,538.5,191.1
Edna Court,1,1,Edna Court,7267,Edna_Court.html,280,280,2,0,0,0,41.9,47.9
Edythe Street,1,1,Edythe Street,3971,Edythe_Street.html,2380,2380,2,0,0,0,356.8,138.5
Eilene Court,1,1,Eilene Court,552,Eilene_Court.html,161,161,2,0,0,0,24.0,42.9
El Capitan Court,1,1,El Capitan Court,7892,El_Capitan_Court.html,787,787,2,1,1,0,118.2,75.0
Emerald Street,1,1,Emerald Street,3478,Emerald_Street.html,2530,2530,2,1,1,0,379.5,151.0
Emily Way,1,1,Emily Way,7066 7466 7467,Emily_Way.html,1449,1449,2,0,0,0,217.3,97.7
Lightland Court,1,1,Lightland Court,717,Lightland_Court.html,289,289,2,0,0,0,43.1,48.7
Lin Gate Court,1,1,Lin Gate Court,1227,Lin_Gate_Court.html,531,531,2,0,0,0,79.5,58.9
Lindbergh Avenue,1,1,Lindbergh Avenue,2945 2972,Lindbergh_Avenue.html,5678,5678,2,2,0,2,853.2,277.7
Briarwood Court,1,1,Briarwood Court,5629,Briarwood_Court.html,638,638,2,0,0,0,95.3,62.4
Briones Court,1,1,Briones Court,143,Briones_Court.html,511,511,2,0,0,0,76.4,57.2
Brisa Court,1,1,Brisa Court,7343,Brisa_Court.html,622,622,2,0,0,0,93.0,62.3
Tranquility Circle,2,3,Tranquility Circle 2 of 3,3153,Tranquility_Circle_2_of_3.html,112,112,2,0,0,0,16.7,40.7
Broadmoor Court,1,1,Broadmoor Court,5899,Broadmoor_Court.html,262,262,2,0,0,0,39.0,46.9
Brookdale Lane,2,3,Brookdale Lane 2 of 3,7852,Brookdale_Lane_2_of_3.html,354,354,2,0,0,0,52.8,57.8
Brookdale Lane,3,3,Brookdale Lane 3 of 3,7853,Brookdale_Lane_3_of_3.html,351,351,2,0,0,0,52.5,57.6
Jennifer Drive,1,1,Jennifer Drive,7078,Jennifer_Drive.html,1574,1574,2,0,0,0,235.9,103.6
Joan Way,1,1,Joan Way,7187,Joan_Way.html,533,533,2,0,0,0,79.9,58.6
Oriole Avenue,1,1,Oriole Avenue,3958 3983 3993,Oriole_Avenue.html,3476,3476,2,2,1,1,520.2,189.5
Orion Court,1,1,Orion Court,3880,Orion_Court.html,422,422,2,0,0,0,63.1,53.1
Indigo Common,1,1,Indigo Common,8168,Indigo_Common.html,149,149,2,0,0,0,22.2,41.7
Iris Way,1,1,Iris Way,5914 5928,Iris_Way.html,1817,1817,2,0,0,0,272.8,112.9
Bruce Drive,1,1,Bruce Drive,48,Bruce_Drive.html,534,534,2,0,0,0,80.0,59.2
Buckeye Drive,1,1,Buckeye Drive,3221 3296 3975,Buckeye_Drive.html,2969,2969,2,0,0,0,445.0,161.3
Tina Way,1,1,Tina Way,3901,Tina_Way.html,1214,1214,2,0,0,0,182.3,86.8
Bresso Court,1,1,Bresso Court,4475,Bresso_Court.html,755,755,2,0,0,0,112.9,67.0
Tanager Way,1,1,Tanager Way,3386,Tanager_Way.html,538,538,2,0,0,0,80.8,57.7
Tangelo Court,1,1,Tangelo Court,1773,Tangelo_Court.html,163,163,2,0,0,0,24.3,42.4
Tapestry Court,1,1,Tapestry Court,5367,Tapestry_Court.html,226,226,2,0,0,0,33.8,45.6
Teagarden Common,1,1,Teagarden Common,8201,Teagarden_Common.html,303,303,2,0,0,0,45.2,48.3
Tennyson Drive,1,1,Tennyson Drive,6162,Tennyson_Drive.html,663,663,2,0,0,0,99.3,65.3
Old Tower Road,1,1,Old Tower Road,4917 4925 5130,Old_Tower_Road.html,2870,2870,2,3,1,2,430.5,172.7
Onyx Road,1,1,Onyx Road,3573 3582 3583,Onyx_Road.html,2241,2241,2,1,1,0,335.0,133.2
Orange Way,1,1,Orange Way,3909,Orange_Way.html,716,716,2,0,0,0,107.5,66.9
Jasper Court,1,1,Jasper Court,3673,Jasper_Court.html,141,141,2,0,0,0,21.0,41.9
Duke Way,1,1,Duke Way,6311,Duke_Way.html,831,831,2,0,0,0,124.5,71.3
Diamond Court,1,1,Diamond Court,3652,Diamond_Court.html,545,545,2,0,0,0,81.7,59.3
San Marco Street,1,1,San Marco Street,3833,San_Marco_Street.html,581,581,2,0,0,0,86.9,59.2
San Miguel Drive,1,1,San Miguel Drive,4443,San_Miguel_Drive.html,529,529,2,0,0,0,79.3,59.0
Buena Vista Avenue,1,1,Buena Vista Avenue,6907 6911 6912 6913,Buena_Vista_Avenue.html,10949,10949,2,2,1,1,1638.6,483.2
Burgess Street,1,1,Burgess Street,6257 6268,Burgess_Street.html,1019,1019,2,0,0,0,152.2,76.1
Cabonia Court,1,1,Cabonia Court,3717,Cabonia_Court.html,827,827,2,0,0,0,123.9,79.8
Terry Lane,1,1,Terry Lane,7166,Terry_Lane.html,537,537,2,0,0,0,80.4,58.9
Ticino Court,1,1,Ticino Court,2803,Ticino_Court.html,453,453,2,0,0,0,68.0,63.3
Livermore Outlets Drive,3,3,Livermore Outlets Drive 3 of 3,2461,Livermore_Outlets_Drive_3_of_3.html,118,118,2,0,0,0,17.6,41.2
Morganfield Road,2,3,Morganfield Road 2 of 3,1110,Morganfield_Road_2_of_3.html,299,299,2,0,0,0,44.9,49.0
Morganfield Road,3,3,Morganfield Road 3 of 3,1109,Morganfield_Road_3_of_3.html,277,277,2,0,0,0,41.4,48.1
Saratoga Way,2,2,Saratoga Way 2 of 2,341,Saratoga_Way_2_of_2.html,220,220,2,0,0,0,32.7,52.2
Sauvignon Court,1,1,Sauvignon Court,5775,Sauvignon_Court.html,254,254,2,0,0,0,37.8,46.2
Scenic Avenue,2,2,Scenic Avenue 2 of 2,7923 7929,Scenic_Avenue_2_of_2.html,853,853,2,1,1,0,128.1,77.8
Scherman Way,1,1,Scherman Way,3564 3566,Scherman_Way.html,1301,1301,2,0,0,0,194.5,90.7
Schween Court,1,1,Schween Court,117,Schween_Court.html,801,801,2,0,0,0,120.0,70.9
Sea Wolf Way,1,1,Sea Wolf Way,3595 3735,Sea_Wolf_Way.html,1181,1181,2,0,0,0,177.3,86.1
Sandstone Common,1,1,Sandstone Common,3542,Sandstone_Common.html,196,196,2,0,0,0,29.2,44.3
Julie Street,1,1,Julie Street,6838,Julie_Street.html,1530,1530,2,0,0,0,229.8,97.2
Justine Court,1,1,Justine Court,7305 7306,Justine_Court.html,1055,1055,2,0,0,0,158.1,82.1
Moselle Court,1,2,Moselle Court 1 of 2,5523,Moselle_Court_1_of_2.html,493,493,2,0,0,0,73.7,56.6
Moselle Court,2,2,Moselle Court 2 of 2,5513,Moselle_Court_2_of_2.html,150,150,2,0,0,0,22.3,42.0
Mosswood Court,1,1,Mosswood Court,3545,Mosswood_Court.html,485,485,2,0,0,0,72.4,57.1
Mount Diablo Way,1,1,Mount Diablo Way,8104 8106,Mount_Diablo_Way.html,1197,1197,2,0,0,0,179.0,83.8
Leona Place,1,2,Leona Place 1 of 2,2573,Leona_Place_1_of_2.html,908,908,2,0,0,0,136.2,81.8
Camillo Court,1,1,Camillo Court,3681,Camillo_Court.html,284,284,2,0,0,0,42.4,56.0
California Way,1,1,California Way,6258 6425,California_Way.html,3966,3966,2,0,0,0,596.0,190.6
Calimanco Common,1,1,Calimanco Common,3016,Calimanco_Common.html,197,197,2,0,0,0,29.4,44.4
Tammy Court,1,1,Tammy Court,7269,Tammy_Court.html,251,251,2,0,0,0,37.5,46.6
Candy Court,1,1,Candy Court,6866 6871,Candy_Court.html,1019,1019,2,1,1,0,152.7,86.7
Canosa Court,1,1,Canosa Court,2769,Canosa_Court.html,426,426,2,0,0,0,64.0,54.4
Capri Court,1,1,Capri Court,4594,Capri_Court.html,975,975,2,0,0,0,146.4,75.8
Nursery Way,1,1,Nursery Way,106 107,Nursery_Way.html,1169,1169,2,0,0,0,174.8,85.4
Delaware Way,1,1,Delaware Way,4064 4070 4102 4200 4213 4222,Delaware_Way.html,4256,4256,2,0,0,0,638.4,218.8
Denton Court,1,1,Denton Court,1790,Denton_Court.html,379,379,2,0,0,0,56.8,52.3
Dartmouth Way,1,1,Dartmouth Way,6312 6420,Dartmouth_Way.html,3490,3490,2,0,0,0,524.5,175.2
Dawn Street,1,1,Dawn Street,7075 7076,Dawn_Street.html,1571,1571,2,0,0,0,234.9,99.4
Santa Rita Road,3,5,Santa Rita Road 3 of 5,673 675,Santa_Rita_Road_3_of_5.html,1325,1325,2,0,0,0,198.1,93.4
Santa Rita Road,5,5,Santa Rita Road 5 of 5,706,Santa_Rita_Road_5_of_5.html,348,348,2,0,0,0,52.0,51.2
Sapphire Drive,1,1,Sapphire Drive,3323,Sapphire_Drive.html,1910,1910,2,1,1,0,286.1,122.8
Sarah Court,1,1,Sarah Court,6698,Sarah_Court.html,385,385,2,0,0,0,57.6,51.7
Crystal Court,1,1,Crystal Court,2888,Crystal_Court.html,103,103,2,0,0,0,15.3,40.2
Cupflower Court,1,1,Cupflower Court,1824,Cupflower_Court.html,163,163,2,0,0,0,24.2,50.0
Dahlia Common,1,1,Dahlia Common,8181,Dahlia_Common.html,180,180,2,0,0,0,26.8,43.1
Shawnee Way,1,2,Shawnee Way 1 of 2,1233,Shawnee_Way_1_of_2.html,407,407,2,0,0,0,61.1,53.8
Shawnee Way,2,2,Shawnee Way 2 of 2,1232,Shawnee_Way_2_of_2.html,365,365,2,0,0,0,54.7,51.7
Sherry Court,1,1,Sherry Court,5714,Sherry_Court.html,739,739,2,0,0,0,110.7,66.7
Daylily Court,1,1,Daylily Court,2237,Daylily_Court.html,174,174,2,0,0,0,26.0,42.9
De Soto Way,1,1,De Soto Way,4900 4906,De_Soto_Way.html,1733,1733,2,1,1,0,260.2,116.8
Kennedy Street,1,1,Kennedy Street,5597 5616 5628 5848,Kennedy_Street.html,4602,4602,2,1,0,1,691.0,232.8
Carla Street,1,1,Carla Street,7185,Carla_Street.html,2240,2240,2,0,0,0,335.8,131.8
Carlsbad Court,1,1,Carlsbad Court,3419,Carlsbad_Court.html,235,235,2,0,0,0,35.2,45.8
Carlton Place,1,1,Carlton Place,4595,Carlton_Place.html,1038,1038,2,0,0,0,156.0,78.5
Carmel Avenue,1,1,Carmel Avenue,4150,Carmel_Avenue.html,1482,1482,2,1,1,0,221.8,104.4
Sutherland Court,1,1,Sutherland Court,553,Sutherland_Court.html,186,186,2,0,0,0,27.8,43.8
Swallow Drive,1,1,Swallow Drive,3340 3341 3356,Swallow_Drive.html,2691,2691,2,1,1,0,403.1,154.3
Cambridge Court,1,2,Cambridge Court 1 of 2,634 635,Cambridge_Court_1_of_2.html,383,383,2,0,0,0,57.3,52.4
Camdon Court,1,1,Camdon Court,179 181,Camdon_Court.html,828,828,2,0,0,0,123.7,71.2
Linwood Common,1,1,Linwood Common,7064,Linwood_Common.html,535,535,2,1,1,0,80.3,65.5
Nelda Way,1,1,Nelda Way,7297,Nelda_Way.html,622,622,2,0,0,0,93.4,62.8
Shorehaven Circle,1,1,Shorehaven Circle,8122,Shorehaven_Circle.html,3088,3088,2,0,0,0,463.8,163.5
Silverstone Common,1,1,Silverstone Common,3516,Silverstone_Common.html,182,182,2,0,0,0,27.2,43.6
Cornflower Common,1,1,Cornflower Common,8180,Cornflower_Common.html,162,162,2,0,0,0,24.1,42.2
Shamrock Way,1,1,Shamrock Way,4397,Shamrock_Way.html,676,676,2,0,0,0,101.5,63.1
Cross Creek Place,1,1,Cross Creek Place,4899,Cross_Creek_Place.html,586,586,2,0,0,0,87.6,61.4
Le Blanc Court,1,1,Le Blanc Court,5373,Le_Blanc_Court.html,179,179,2,0,0,0,26.7,43.3
Lee Ann Circle,1,1,Lee Ann Circle,6700,Lee_Ann_Circle.html,1891,1891,2,0,0,0,283.8,113.7
Carol Common,4,4,Carol Common 4 of 4,6788 6789,Carol_Common_4_of_4.html,124,124,2,0,0,0,18.3,41.1
Carrigan Common,1,2,Carrigan Common 1 of 2,6448 6447,Carrigan_Common_1_of_2.html,2293,2293,2,0,0,0,344.2,133.0
Suffolk Way,1,1,Suffolk Way,625 645 1085,Suffolk_Way.html,3275,3275,2,1,1,0,491.1,185.0
Sunburst Lane,1,1,Sunburst Lane,5931,Sunburst_Lane.html,1150,1150,2,0,0,0,172.5,85.5
Sunridge Drive,1,1,Sunridge Drive,7805,Sunridge_Drive.html,1257,1257,2,0,0,0,188.5,88.2
Stacy Court,1,1,Stacy Court,7223,Stacy_Court.html,224,224,2,0,0,0,33.4,45.5
Starflower Way,1,1,Starflower Way,8051,Starflower_Way.html,1348,1348,2,0,0,0,202.5,93.4
Sterling Court,1,1,Sterling Court,5214,Sterling_Court.html,310,310,2,0,0,0,46.5,57.0
Cellars Drive,2,3,Cellars Drive 2 of 3,4515,Cellars_Drive_2_of_3.html,180,180,2,0,0,0,26.8,43.8
Cellars Drive,3,3,Cellars Drive 3 of 3,4516,Cellars_Drive_3_of_3.html,175,175,2,0,0,0,26.1,43.5
Knoll Court,1,1,Knoll Court,7770,Knoll_Court.html,478,478,2,0,0,0,71.5,57.1
Comanche Court,1,1,Comanche Court,4053,Comanche_Court.html,455,455,2,0,0,0,68.0,54.6
Comanche Way,1,1,Comanche Way,1182,Comanche_Way.html,647,647,2,0,0,0,97.1,71.5
Cordoba Street,1,1,Cordoba Street,4431 4432 4433,Cordoba_Street.html,1621,1621,2,0,0,0,242.3,102.4
Sirah Court,1,1,Sirah Court,5326,Sirah_Court.html,256,256,2,0,0,0,38.2,46.1
Snider Court,1,1,Snider Court,6171,Snider_Court.html,329,329,2,1,1,0,49.2,56.7
Soapstone Common,1,1,Soapstone Common,3539,Soapstone_Common.html,189,189,2,0,0,0,28.3,43.7
Shoemaker Court,1,1,Shoemaker Court,8032,Shoemaker_Court.html,261,261,2,0,0,0,39.1,47.1
Cromwell Way,2,2,Cromwell Way 2 of 2,5012,Cromwell_Way_2_of_2.html,303,303,2,0,0,0,45.2,48.3
Cobblestone Common,1,1,Cobblestone Common,3515,Cobblestone_Common.html,179,179,2,0,0,0,26.8,43.3
Cochise Court,1,1,Cochise Court,1228,Cochise_Court.html,256,256,2,0,0,0,38.3,46.8
College Avenue,3,3,College Avenue 3 of 3,4670,College_Avenue_3_of_3.html,162,162,2,0,0,0,24.2,42.7
Collier Canyon Road,2,3,Collier Canyon Road 2 of 3,2624 2639,Collier_Canyon_Road_2_of_3.html,8354,8354,2,0,0,0,1255.3,392.4
Colusa Way,1,1,Colusa Way,3167 3180 3377 3379,Colusa_Way.html,4557,4557,2,0,0,0,683.3,226.5
Sorano Court,1,1,Sorano Court,2754,Sorano_Court.html,401,401,2,0,0,0,60.2,60.9
South G Street,1,1,South G Street,5466 5674 5465,South_G_Street.html,2657,2657,2,1,0,1,421.4,156.7
South Livermore Avenue,2,3,South Livermore Avenue 2 of 3,5096 5100,South_Livermore_Avenue_2_of_3.html,445,445,2,0,0,0,66.3,55.3
Lakehurst Road,1,1,Lakehurst Road,4001 4002,Lakehurst_Road.html,1527,1527,2,1,1,0,228.3,105.6
Kinglet Road,1,1,Kinglet Road,3300 3358,Kinglet_Road.html,2266,2266,2,1,1,0,338.8,133.8
Kino Way,1,1,Kino Way,4911,Kino_Way.html,483,483,2,0,0,0,72.4,55.4
Kirkcaldy Court,1,1,Kirkcaldy Court,1999,Kirkcaldy_Court.html,426,426,2,0,0,0,63.6,53.2
Kirsten Way,1,1,Kirsten Way,7204,Kirsten_Way.html,576,576,2,0,0,0,86.5,58.9
Cascata Court,1,1,Cascata Court,2867,Cascata_Court.html,345,345,2,0,0,0,51.7,50.7
Celeste Avenue,1,1,Celeste Avenue,7214 7272,Celeste_Avenue.html,2014,2014,2,0,0,0,302.3,122.1
Stoneridge Creek Way,4,5,Stoneridge Creek Way 4 of 5,1649 1650,Stoneridge_Creek_Way_4_of_5.html,519,519,2,1,0,1,77.5,65.5
Lethram Court,1,1,Lethram Court,613,Lethram_Court.html,197,197,2,0,0,0,29.5,51.7
Libra Court,1,1,Libra Court,5961,Libra_Court.html,661,661,2,0,0,0,98.8,64.1
Charlotte Way,3,3,Charlotte Way 3 of 3,6969 6972 7021,Charlotte_Way_3_of_3.html,1075,1075,2,0,0,0,640.3,83.1
Charmont Court,1,1,Charmont Court,5369,Charmont_Court.html,205,205,2,0,0,0,30.6,43.6
Lee Avenue,1,1,Lee Avenue,5643 5644 5646,Lee_Avenue.html,2414,2414,2,0,0,0,360.9,134.5
Las Flores Road,4,5,Las Flores Road 4 of 5,5950,Las_Flores_Road_4_of_5.html,324,324,2,0,0,0,48.4,57.2
Nightingale Street,1,1,Nightingale Street,3954 4047,Nightingale_Street.html,2254,2254,2,0,0,0,337.1,124.7
Normandy Court,1,1,Normandy Court,5430,Normandy_Court.html,331,331,2,1,1,0,49.5,56.4
Krause Court,1,1,Krause Court,610,Krause_Court.html,199,199,2,0,0,0,29.8,44.5
Kyle Common,1,1,Kyle Common,6632,Kyle_Common.html,467,467,2,0,0,0,70.0,56.0
Cinnabar Drive,1,1,Cinnabar Drive,3491 3494,Cinnabar_Drive.html,1937,1937,2,1,1,0,290.3,126.2
Citrine Place,1,1,Citrine Place,3644,Citrine_Place.html,474,474,2,0,0,0,70.9,56.5
South S Street,3,3,South S Street 3 of 3,4725 4726,South_S_Street_3_of_3.html,405,405,2,0,0,0,60.3,53.4
Sonia Street,2,3,Sonia Street 2 of 3,6578,Sonia_Street_2_of_3.html,310,310,2,0,0,0,46.4,49.3
Sonia Street,3,3,Sonia Street 3 of 3,6577,Sonia_Street_3_of_3.html,297,297,2,0,0,0,44.4,48.7
Climbing Rose Common,1,1,Climbing Rose Common,7912,Climbing_Rose_Common.html,199,199,2,0,0,0,29.8,43.9
Clubhouse Drive,2,2,Clubhouse Drive 2 of 2,2697,Clubhouse_Drive_2_of_2.html,572,572,2,0,0,0,85.8,67.3
Chianti Court,1,1,Chianti Court,5791,Chianti_Court.html,242,242,2,0,0,0,36.1,45.6
Chillingham Court,1,2,Chillingham Court 1 of 2,734 1088,Chillingham_Court_1_of_2.html,509,509,2,0,0,0,76.0,58.0
Chippendale Court,1,1,Chippendale Court,1081 1083,Chippendale_Court.html,350,350,2,0,0,0,52.2,51.1
Splitrail Court,1,1,Splitrail Court,4009,Splitrail_Court.html,569,569,2,1,1,0,85.5,66.3
Springtime Common,1,1,Springtime Common,7904,Springtime_Common.html,313,313,2,0,0,0,46.9,56.0
Spumante Place,2,2,Spumante Place 2 of 2,2746,Spumante_Place_2_of_2.html,156,156,2,0,0,0,23.3,42.9
Spyglass Hills Road,1,1,Spyglass Hills Road,8156 8157,Spyglass_Hills_Road.html,1270,1270,2,0,0,0,189.8,88.0
Lambeth Road,1,1,Lambeth Road,5050 5054,Lambeth_Road.html,904,904,2,0,0,0,135.1,74.8
Larkspur Drive,1,3,Larkspur Drive 1 of 3,6002 6024 6028 6031,Larkspur_Drive_1_of_3.html,3060,3060,2,0,0,0,458.7,167.3
Larkspur Drive,2,3,Larkspur Drive 2 of 3,5989,Larkspur_Drive_2_of_3.html,412,412,2,0,0,0,61.8,60.4
Nevis Street,1,1,Nevis Street,570 665 674,Nevis_Street.html,2248,2248,2,1,1,0,337.5,137.0
Newhall Way,1,1,Newhall Way,7009 7010 7012,Newhall_Way.html,1260,1260,2,1,1,0,188.9,93.6
Niagara Drive,1,1,Niagara Drive,3839 3840 3841 3842 3843,Niagara_Drive.html,1630,1630,2,0,0,0,243.5,100.6
Nicosia Court,1,1,Nicosia Court,2760 2763,Nicosia_Court.html,1054,1054,2,0,0,0,157.9,83.0
Chateau Heights Court,1,1,Chateau Heights Court,2658,Chateau_Heights_Court.html,692,692,2,1,1,0,103.5,73.3
Southfront Road,4,4,Southfront Road 4 of 4,6598,Southfront_Road_4_of_4.html,139,139,2,0,0,0,20.7,49.1
Chatham Court,1,1,Chatham Court,1784,Chatham_Court.html,638,638,2,0,0,0,95.5,63.1
Chelsea Drive,1,1,Chelsea Drive,637 640,Chelsea_Drive.html,559,559,2,0,0,0,83.5,60.2
Almaden Way,1,1,Almaden Way,7834,Almaden_Way.html,937,937,2,1,1,0,140.6,82.6
Altamar Court,1,1,Altamar Court,7910,Altamar_Court.html,244,244,2,0,0,0,36.5,45.6
Guthrie Court,1,1,Guthrie Court,2231,Guthrie_Court.html,265,265,2,0,0,0,39.6,47.0
Guzman Parkway,1,3,Guzman Parkway 1 of 3,2151 2152,Guzman_Parkway_1_of_3.html,405,405,2,1,1,0,60.3,59.6
Arabian Road,1,1,Arabian Road,6046 6050,Arabian_Road.html,1153,1153,2,0,0,0,173.1,80.7
William Drive,1,1,William Drive,4139 4140 4144,William_Drive.html,1600,1600,2,0,0,0,239.0,103.3
Willowview Court,1,1,Willowview Court,7875,Willowview_Court.html,330,330,2,1,1,0,49.4,56.1
Windsor Place,1,1,Windsor Place,4614,Windsor_Place.html,318,318,2,0,0,0,47.5,49.1
Anna Maria Street,1,1,Anna Maria Street,3318 3319 3320 3321 3325 3334,Anna_Maria_Street.html,7263,7263,2,1,1,0,1087.8,342.8
Mary Lou Way,1,1,Mary Lou Way,7263,Mary_Lou_Way.html,621,621,2,0,0,0,93.2,62.4
Marylin Avenue,1,1,Marylin Avenue,4120 4177 4187,Marylin_Avenue.html,2457,2457,2,1,0,1,368.9,144.9
McLeod Street,1,2,McLeod Street 1 of 2,5732 5743 5754 5823 5828,McLeod_Street_1_of_2.html,3680,3680,2,0,0,0,551.7,196.3
Meadowlark Street,1,1,Meadowlark Street,4054 4127 4128,Meadowlark_Street.html,3102,3102,2,0,0,0,463.9,159.0
Medina Street,1,1,Medina Street,6628,Medina_Street.html,1245,1245,2,1,1,0,186.5,96.1
Mariposa Avenue,1,1,Mariposa Avenue,3952 4130,Mariposa_Avenue.html,938,938,2,0,0,0,140.5,74.9
Accra Court,1,1,Accra Court,4641,Accra_Court.html,653,653,1,0,0,0,97.7,64.0
Ann Court,1,1,Ann Court,3328,Ann_Court.html,773,773,1,0,0,0,115.6,67.1
Hazel Street,1,1,Hazel Street,7172 7177 7183 7198,Hazel_Street.html,5480,5480,1,0,0,0,821.3,268.5
Pinon Court,1,1,Pinon Court,6093,Pinon_Court.html,307,307,1,0,0,0,45.8,48.9
Placenza Street,1,1,Placenza Street,3219 3976,Placenza_Street.html,1578,1578,1,0,0,0,236.4,100.9
Halifax Road,1,1,Halifax Road,4907,Halifax_Road.html,557,557,1,0,0,0,83.2,60.1
Garnet Drive,1,1,Garnet Drive,3487 3490 3495,Garnet_Drive.html,2300,2300,1,0,0,0,344.6,135.9
Gateway Avenue,1,1,Gateway Avenue,3043 3067,Gateway_Avenue.html,1927,1927,1,1,0,1,289.5,122.2
Gemini Road,1,1,Gemini Road,4455,Gemini_Road.html,632,632,1,0,0,0,94.4,61.2
Portola Common,8,8,Portola Common 8 of 8,6365,Portola_Common_8_of_8.html,45,45,1,0,0,0,6.6,37.3
Graham Court,1,1,Graham Court,7491,Graham_Court.html,438,438,1,0,0,0,65.6,53.3
Mendenhall Drive,1,1,Mendenhall Drive,5123 5126,Mendenhall_Drive.html,1340,1340,1,0,0,0,200.4,92.3
Mendoza Court,1,1,Mendoza Court,567,Mendoza_Court.html,374,374,1,0,0,0,55.8,51.2
Meritage Common,1,1,Meritage Common,3003 3004 3006 3008 3009 3024 3025 3028 3030 3036 2989,Meritage_Common.html,2093,2093,1,0,0,0,331.5,129.9
Merritt Place,1,1,Merritt Place,4552,Merritt_Place.html,563,563,1,0,0,0,84.2,60.2
Aries Court,1,1,Aries Court,6013,Aries_Court.html,677,677,1,0,0,0,101.3,64.7
Waxlax Way,1,1,Waxlax Way,7977,Waxlax_Way.html,929,929,1,0,0,0,139.1,75.9
Cindy Court,1,1,Cindy Court,6764,Cindy_Court.html,458,458,1,0,0,0,68.6,55.1
Clevis Common,3,3,Clevis Common 3 of 3,4413,Clevis_Common_3_of_3.html,113,113,1,0,0,0,16.8,39.9
Spring Haven Street,1,1,Spring Haven Street,8099,Spring_Haven_Street.html,224,224,1,0,0,0,33.3,44.4
Springhouse Drive,1,4,Springhouse Drive 1 of 4,10 1130,Springhouse_Drive_1_of_4.html,3374,3374,1,3,0,3,506.0,192.1
Spruce Street,1,1,Spruce Street,4256 4745 4768,Spruce_Street.html,3789,3789,1,0,0,0,569.1,199.9
Charlotte Common,4,4,Charlotte Common 4 of 4,6767,Charlotte_Common_4_of_4.html,65,65,1,0,0,0,9.6,38.2
Larkspur Drive,3,3,Larkspur Drive 3 of 3,5988 5990,Larkspur_Drive_3_of_3.html,289,289,1,0,0,0,43.2,48.2
Las Flores Road,3,5,Las Flores Road 3 of 5,5948,Las_Flores_Road_3_of_5.html,418,418,1,1,0,1,62.5,60.2
Las Positas Road,6,6,Las Positas Road 6 of 6,5000,Las_Positas_Road_6_of_6.html,139,139,1,0,0,0,20.8,41.8
Lassen Road,1,1,Lassen Road,6021 6022,Lassen_Road.html,1171,1171,1,0,0,0,175.2,88.0
Nicobria Lane,1,1,Nicobria Lane,3892,Nicobria_Lane.html,969,969,1,1,1,0,145.3,84.2
Chase Court,1,1,Chase Court,3211,Chase_Court.html,289,289,1,0,0,0,43.1,47.2
Chateau Place,1,1,Chateau Place,5784,Chateau_Place.html,490,490,1,0,0,0,73.3,56.3
Chateau Way,3,4,Chateau Way 3 of 4,5710,Chateau_Way_3_of_4.html,211,211,1,0,0,0,31.5,44.0
Chateau Way,4,4,Chateau Way 4 of 4,5695,Chateau_Way_4_of_4.html,207,207,1,0,0,0,30.9,43.7
Chatsworth Street,1,1,Chatsworth Street,4605,Chatsworth_Street.html,269,269,1,0,0,0,40.2,46.1
Crane Avenue,1,1,Crane Avenue,4104 4107,Crane_Avenue.html,1783,1783,1,1,0,1,266.7,113.8
Creek Road,1,3,Creek Road 1 of 3,4921 5124 5132,Creek_Road_1_of_3.html,1678,1678,1,0,0,0,251.9,105.6
Creek Road,3,3,Creek Road 3 of 3,4923 4924,Creek_Road_3_of_3.html,388,388,1,0,0,0,57.8,52.7
Sonoma Court,1,1,Sonoma Court,3233,Sonoma_Court.html,811,811,1,0,0,0,121.2,70.7
Lambaren Avenue,1,1,Lambaren Avenue,4180 4304 4309 4314,Lambaren_Avenue.html,3957,3957,1,0,0,0,594.3,197.6
Kitty Hawk Road,2,2,Kitty Hawk Road 2 of 2,2701 2711,Kitty_Hawk_Road_2_of_2.html,918,918,1,1,1,0,137.6,82.1
Chandler Court,1,1,Chandler Court,4264,Chandler_Court.html,603,603,1,0,0,0,90.5,60.0
Catalina Court,1,1,Catalina Court,4423 4424 4427,Catalina_Court.html,914,914,1,0,0,0,136.4,73.2
Cayuga Drive,1,1,Cayuga Drive,4188,Cayuga_Drive.html,555,555,1,0,0,0,83.4,58.3
Carmen Avenue,1,1,Carmen Avenue,5493,Carmen_Avenue.html,1992,1992,1,0,0,0,299.0,122.3
Nadine Street,1,1,Nadine Street,3256,Nadine_Street.html,2501,2501,1,0,0,0,374.6,144.0
Napa Court,1,2,Napa Court 1 of 2,4219 4221,Napa_Court_1_of_2.html,664,664,1,1,1,0,99.3,70.9
Leeds Court,1,1,Leeds Court,5062,Leeds_Court.html,585,585,1,0,0,0,87.4,62.1
Leland Court,1,1,Leland Court,3852,Leland_Court.html,177,177,1,0,0,0,26.4,42.5
Kral Place,1,1,Kral Place,60,Kral_Place.html,285,285,1,0,0,0,42.6,48.2
La Cresta Court,1,1,La Cresta Court,4417,La_Cresta_Court.html,371,371,1,0,0,0,55.4,50.9
Corte Cava,1,1,Corte Cava,4795,Corte_Cava.html,514,514,1,0,0,0,77.1,57.2
Corte Glorieta,1,1,Corte Glorieta,4749,Corte_Glorieta.html,603,603,1,0,0,0,90.5,61.7
Cotterell Court,1,1,Cotterell Court,684,Cotterell_Court.html,434,434,1,0,0,0,64.9,54.2
La Prada Court,1,1,La Prada Court,4434,La_Prada_Court.html,380,380,1,0,0,0,56.8,51.5
Lagrange Court,1,1,Lagrange Court,3783,Lagrange_Court.html,392,392,1,0,0,0,58.6,52.7
Sevillano Circle,3,3,Sevillano Circle 3 of 3,5377,Sevillano_Circle_3_of_3.html,97,97,1,0,0,0,14.3,40.1
Shasta Court,1,1,Shasta Court,1176,Shasta_Court.html,630,630,1,0,0,0,94.5,63.2
Crossroads Place,1,1,Crossroads Place,3756,Crossroads_Place.html,552,552,1,0,0,0,82.5,57.2
Le Havre Court,1,1,Le Havre Court,4199,Le_Havre_Court.html,318,318,1,0,0,0,47.5,48.0
Caroline Court,1,1,Caroline Court,3369,Caroline_Court.html,589,589,1,0,0,0,88.4,59.3
Sundown Road,1,1,Sundown Road,6124,Sundown_Road.html,234,234,1,0,0,0,35.0,45.7
Sunnybrook Way,1,1,Sunnybrook Way,7906,Sunnybrook_Way.html,191,191,1,0,0,0,28.6,43.6
Northampton Court,1,1,Northampton Court,618,Northampton_Court.html,695,695,1,0,0,0,104.0,65.9
Keeler Court,1,1,Keeler Court,7109,Keeler_Court.html,295,295,1,0,0,0,44.2,47.7
Compton Court,1,1,Compton Court,6232,Compton_Court.html,1130,1130,1,0,0,0,169.4,79.7
Skylinks Court,1,1,Skylinks Court,8140,Skylinks_Court.html,667,667,1,0,0,0,99.8,62.6
Daffodil Way,1,1,Daffodil Way,6134 6136 6145,Daffodil_Way.html,1775,1775,1,1,0,1,266.5,118.2
Daisy Lane,1,1,Daisy Lane,5912,Daisy_Lane.html,1288,1288,1,0,0,0,192.9,89.4
Daisyfield Court,1,1,Daisyfield Court,3223,Daisyfield_Court.html,637,637,1,0,0,0,95.4,62.4
Dakota Court,1,1,Dakota Court,4057,Dakota_Court.html,482,482,1,0,0,0,72.0,55.1
Shelley Street,1,1,Shelley Street,7218 7219 7220 7271 7273 7274,Shelley_Street.html,3095,3095,1,1,1,0,462.4,166.4
Del Norte Court,1,1,Del Norte Court,4023,Del_Norte_Court.html,127,127,1,0,0,0,18.8,40.6
Keneland Way,1,1,Keneland Way,184,Keneland_Way.html,500,500,1,0,0,0,74.9,57.8
Tahoe Court,2,2,Tahoe Court 2 of 2,5278,Tahoe_Court_2_of_2.html,236,236,1,0,0,0,35.3,46.1
Cambridge Way,1,1,Cambridge Way,6275 6276,Cambridge_Way.html,1260,1260,1,0,0,0,188.4,85.5
Napa Court,2,2,Napa Court 2 of 2,4220,Napa_Court_2_of_2.html,293,293,1,0,0,0,43.7,48.2
Lawrence Drive,2,3,Lawrence Drive 2 of 3,7812,Lawrence_Drive_2_of_3.html,370,370,1,1,1,0,55.4,58.0
Lawrence Drive,3,3,Lawrence Drive 3 of 3,7811,Lawrence_Drive_3_of_3.html,358,358,1,1,1,0,53.5,57.6
Lawson Court,1,1,Lawson Court,6961,Lawson_Court.html,301,301,1,0,0,0,45.1,47.9
Silver Oaks Court,2,2,Silver Oaks Court 2 of 2,6327,Silver_Oaks_Court_2_of_2.html,520,520,1,0,0,0,77.8,58.2
Silver Oaks Terrace,1,1,Silver Oaks Terrace,2593,Silver_Oaks_Terrace.html,6933,6933,1,1,0,1,1039.1,356.8
Coronado Court,1,1,Coronado Court,4410,Coronado_Court.html,352,352,1,0,0,0,52.5,50.6
Sea Eagle Court,1,1,Sea Eagle Court,1178,Sea_Eagle_Court.html,280,280,1,0,0,0,41.8,48.0
Second Street,2,3,Second Street 2 of 3,4701 4712,Second_Street_2_of_3.html,401,401,1,0,0,0,59.9,53.0
Second Street,3,3,Second Street 3 of 3,4700,Second_Street_3_of_3.html,264,264,1,0,0,0,39.6,47.2
Dorset Court,1,1,Dorset Court,1807,Dorset_Court.html,337,337,1,0,0,0,50.5,50.5
Judith Way,1,1,Judith Way,3968,Judith_Way.html,503,503,1,0,0,0,75.4,58.2
Leona Drive,1,1,Leona Drive,3327,Leona_Drive.html,2432,2432,1,0,0,0,364.6,134.1
Call of the Wild Court,1,1,Call of the Wild Court,3738,Call_of_the_Wild_Court.html,670,670,1,0,0,0,100.1,63.7
Canary Court,1,1,Canary Court,3535,Canary_Court.html,583,583,1,0,0,0,87.2,60.7
Cardinal Drive,1,1,Cardinal Drive,4114 4125 4131,Cardinal_Drive.html,1418,1418,1,0,0,0,212.8,96.3
Kent Court,1,1,Kent Court,3365,Kent_Court.html,298,298,1,0,0,0,44.5,47.3
Keystone Way,1,1,Keystone Way,3849,Keystone_Way.html,2316,2316,1,0,0,0,347.6,135.8
Kim Court,1,1,Kim Court,7335,Kim_Court.html,167,167,1,0,0,0,25.0,42.9
Northwood Common,1,2,Northwood Common 1 of 2,3949,Northwood_Common_1_of_2.html,346,346,1,0,0,0,51.7,50.8
Oak Street South,1,1,Oak Street South,5108,Oak_Street_South.html,1920,1920,1,1,0,1,287.8,125.6
Sequoia Drive,1,1,Sequoia Drive,4055,Sequoia_Drive.html,521,521,1,0,0,0,78.1,57.0
Diane Court,1,1,Diane Court,7149 7150,Diane_Court.html,619,619,1,0,0,0,92.6,61.8
Jasmine Court,1,1,Jasmine Court,6032,Jasmine_Court.html,432,432,1,0,0,0,64.8,53.3
Jeannie Court,1,1,Jeannie Court,6624,Jeannie_Court.html,309,309,1,0,0,0,46.1,49.0
Dundalk Court,1,1,Dundalk Court,1096,Dundalk_Court.html,675,675,1,0,0,0,101.3,64.3
Saint Mary Drive,1,1,Saint Mary Drive,6218,Saint_Mary_Drive.html,1320,1320,1,0,0,0,197.4,87.4
Salem Court,1,1,Salem Court,3207,Salem_Court.html,299,299,1,0,0,0,44.6,48.1
Salisbury Court,1,1,Salisbury Court,5619,Salisbury_Court.html,412,412,1,0,0,0,61.8,52.9
Burger Court,1,1,Burger Court,1485,Burger_Court.html,585,585,1,0,0,0,87.4,62.6
Cabrillo Avenue,1,1,Cabrillo Avenue,5545,Cabrillo_Avenue.html,2281,2281,1,0,0,0,342.5,126.7
Calais Avenue,1,1,Calais Avenue,4588 4589,Calais_Avenue.html,1175,1175,1,0,0,0,175.6,86.7
Calcite Court,1,1,Calcite Court,3633,Calcite_Court.html,385,385,1,0,0,0,57.5,51.5
Teton Court,1,1,Teton Court,3421,Teton_Court.html,277,277,1,0,0,0,41.5,47.7
Brittany Place,1,1,Brittany Place,3737,Brittany_Place.html,275,275,1,0,0,0,41.0,46.7
Lisbon Avenue,1,1,Lisbon Avenue,4320,Lisbon_Avenue.html,2691,2691,1,0,0,0,403.3,148.4
Morganfield Court,1,1,Morganfield Court,603,Morganfield_Court.html,1007,1007,1,0,0,0,151.0,79.8
Saybrook Road,1,1,Saybrook Road,3370,Saybrook_Road.html,2075,2075,1,0,0,0,311.0,121.8
Scherman Court,1,1,Scherman Court,3499,Scherman_Court.html,425,425,1,0,0,0,63.7,53.8
Ivory Place,1,1,Ivory Place,3624,Ivory_Place.html,179,179,1,0,0,0,26.8,43.3
East Stanley Boulevard,4,5,East Stanley Boulevard 4 of 5,4300,East_Stanley_Boulevard_4_of_5.html,94,94,1,0,0,0,13.9,39.7
East Stanley Boulevard,5,5,East Stanley Boulevard 5 of 5,4301,East_Stanley_Boulevard_5_of_5.html,55,55,1,0,0,0,8.1,37.8
Sandra Way,1,1,Sandra Way,7088,Sandra_Way.html,1888,1888,1,0,0,0,283.3,116.9
Innsbruck Street,1,1,Innsbruck Street,4912 4913 4915,Innsbruck_Street.html,3239,3239,1,0,0,0,484.6,169.8
Inyo Court,1,1,Inyo Court,1165,Inyo_Court.html,608,608,1,0,0,0,91.2,62.4
Irby Ranch Drive,1,1,Irby Ranch Drive,24,Irby_Ranch_Drive.html,529,529,1,1,1,0,79.1,65.0
Brookview Court,1,1,Brookview Court,7773,Brookview_Court.html,646,646,1,0,0,0,96.8,63.6
Buckskin Court,1,1,Buckskin Court,6049,Buckskin_Court.html,323,323,1,0,0,0,48.4,48.4
Tiffin Place,1,1,Tiffin Place,3208,Tiffin_Place.html,371,371,1,0,0,0,55.4,51.7
Topaz Way,1,1,Topaz Way,3617,Topaz_Way.html,1337,1337,1,0,0,0,200.7,92.6
Touriga Court,1,1,Touriga Court,1500,Touriga_Court.html,674,674,1,0,0,0,101.2,65.2
London Way,1,1,London Way,4593,London_Way.html,200,200,1,0,0,0,29.8,43.8
Lorren Court,1,1,Lorren Court,3285,Lorren_Court.html,208,208,1,0,0,0,31.1,44.7
Kamp Court,1,1,Kamp Court,78,Kamp_Court.html,381,381,1,0,0,0,57.0,52.6
Orchard Way,1,1,Orchard Way,3868,Orchard_Way.html,522,522,1,0,0,0,78.1,58.4
Palmer Place,1,1,Palmer Place,110,Palmer_Place.html,144,144,1,0,0,0,21.5,42.1
Saginaw Court,1,1,Saginaw Court,1138,Saginaw_Court.html,271,271,1,0,0,0,40.5,47.4
Saint Charles Court,1,1,Saint Charles Court,5195,Saint_Charles_Court.html,512,512,1,0,0,0,76.6,58.6
Saint Helena Court,1,2,Saint Helena Court 1 of 2,7525 7526,Saint_Helena_Court_1_of_2.html,1113,1113,1,1,0,1,166.9,89.4
Rovello Loop,3,3,Rovello Loop 3 of 3,7482,Rovello_Loop_3_of_3.html,232,232,1,0,0,0,34.5,45.0
Runnymede Court,2,2,Runnymede Court 2 of 2,537,Runnymede_Court_2_of_2.html,687,687,1,0,0,0,102.7,64.2
Epson Street,1,1,Epson Street,4557 4558,Epson_Street.html,440,440,1,0,0,0,65.6,53.5
Lilac Avenue,1,1,Lilac Avenue,5926,Lilac_Avenue.html,3123,3123,1,0,0,0,469.2,163.8
Lilienthal Road,1,1,Lilienthal Road,2788,Lilienthal_Road.html,5791,5791,1,4,0,4,870.3,289.6
Brezza Court,1,1,Brezza Court,2756,Brezza_Court.html,493,493,1,0,0,0,73.9,57.2
Bridgeport Circle,1,1,Bridgeport Circle,8123,Bridgeport_Circle.html,3349,3349,1,0,0,0,503.1,174.4
Brookdale Court,1,1,Brookdale Court,7855,Brookdale_Court.html,442,442,1,0,0,0,66.4,53.3
Brookfield Drive,1,1,Brookfield Drive,3206,Brookfield_Drive.html,2546,2546,1,0,0,0,382.2,138.7
Jeremiah Way,1,1,Jeremiah Way,2302,Jeremiah_Way.html,615,615,1,0,0,0,92.1,62.5
Orinda Court,1,1,Orinda Court,8125,Orinda_Court.html,154,154,1,0,0,0,22.9,41.9
Oslo Court,1,1,Oslo Court,5246,Oslo_Court.html,637,637,1,0,0,0,95.2,63.6
Trevarno Road,2,2,Trevarno Road 2 of 2,6279,Trevarno_Road_2_of_2.html,1881,1881,1,1,1,0,282.1,123.9
Triad Drive,1,1,Triad Drive,2987 3018,Triad_Drive.html,915,915,1,0,0,0,136.8,76.1
El Charro Road,3,3,El Charro Road 3 of 3,1424,El_Charro_Road_3_of_3.html,270,270,1,0,0,0,40.3,46.9
Jade Place,1,1,Jade Place,3475,Jade_Place.html,655,655,1,0,0,0,98.1,64.1
Rovello Loop,2,3,Rovello Loop 2 of 3,7483,Rovello_Loop_2_of_3.html,767,767,1,0,0,0,114.8,66.9
Essex Street,1,1,Essex Street,4887 4888,Essex_Street.html,2399,2399,1,0,0,0,358.8,133.9
Eull Court,1,1,Eull Court,1039,Eull_Court.html,320,320,1,0,0,0,47.8,49.7
Humboldt Way,1,1,Humboldt Way,3177,Humboldt_Way.html,2623,2623,1,0,0,0,393.5,142.8
Trinity Circle,1,1,Trinity Circle,2911,Trinity_Circle.html,1233,1233,1,0,0,0,184.9,86.9
Turnstone Drive,1,1,Turnstone Drive,3302 3337 3342 3548 3549,Turnstone_Drive.html,3755,3755,1,0,0,0,562.5,190.9
Bodega Avenue,1,1,Bodega Avenue,4889,Bodega_Avenue.html,519,519,1,0,0,0,77.9,56.7
Boeing Court,1,1,Boeing Court,3392,Boeing_Court.html,755,755,1,0,0,0,113.3,66.8
Bordeaux Street,1,1,Bordeaux Street,5142 5145,Bordeaux_Street.html,2255,2255,1,0,0,0,337.4,129.4
Bottini Court,1,1,Bottini Court,2792,Bottini_Court.html,271,271,1,0,0,0,40.5,47.8
Montclair Court,1,1,Montclair Court,6256,Montclair_Court.html,474,474,1,0,0,0,71.1,54.3
Moonflower Way,1,1,Moonflower Way,8049,Moonflower_Way.html,1303,1303,1,0,0,0,195.7,90.8
Vallecitos Road,3,3,Vallecitos Road 3 of 3,4498 4503,Vallecitos_Road_3_of_3.html,1224,1224,1,0,0,0,183.5,89.0
Hurley Road,1,1,Hurley Road,4068 4069,Hurley_Road.html,385,385,1,0,0,0,57.3,52.2
Ida Court,1,1,Ida Court,7253,Ida_Court.html,203,203,1,0,0,0,30.3,44.3
Paula Court,1,1,Paula Court,6774,Paula_Court.html,237,237,1,0,0,0,35.4,45.9
Pavo Court,1,1,Pavo Court,5924,Pavo_Court.html,617,617,1,0,0,0,92.3,60.1
Pellaro Court,1,1,Pellaro Court,2800,Pellaro_Court.html,454,454,1,0,0,0,67.8,56.0
Hillstone Court,1,1,Hillstone Court,7775,Hillstone_Court.html,399,399,1,0,0,0,59.9,52.9
Fairview Court,1,1,Fairview Court,3847,Fairview_Court.html,371,371,1,0,0,0,55.4,51.4
Hollice Lane,1,1,Hollice Lane,6877 6878,Hollice_Lane.html,1412,1412,1,0,0,0,211.1,91.6
Holly Common,1,1,Holly Common,7063,Holly_Common.html,323,323,1,0,0,0,48.3,48.1
Valley of the Moon Place,1,1,Valley of the Moon Place,3741,Valley_of_the_Moon_Place.html,711,711,1,0,0,0,106.3,65.9
Vega Road,1,1,Vega Road,4449,Vega_Road.html,332,332,1,0,0,0,49.5,49.0
Blackwood Common,2,4,Blackwood Common 2 of 4,4765,Blackwood_Common_2_of_4.html,373,373,1,0,0,0,55.8,51.6
Bluegrass Court,1,1,Bluegrass Court,7767,Bluegrass_Court.html,438,438,1,0,0,0,65.7,54.2
Trenton Circle,1,1,Trenton Circle,34,Trenton_Circle.html,2135,2135,1,1,0,1,319.9,136.4
Trevarno Road,1,2,Trevarno Road 1 of 2,6280,Trevarno_Road_1_of_2.html,1884,1884,1,1,1,0,282.4,124.0
Via Jose,1,1,Via Jose,4028,Via_Jose.html,1145,1145,1,0,0,0,171.3,82.7
Vilana Street,1,1,Vilana Street,6651 6655 6662 6670 6671,Vilana_Street.html,1962,1962,1,3,0,3,293.6,128.1
Venus Way,1,1,Venus Way,4451,Venus_Way.html,2744,2744,1,0,0,0,411.7,154.1
Verdite Street,1,1,Verdite Street,3635 3636,Verdite_Street.html,885,885,1,0,0,0,132.3,72.2
Vernazza Drive,2,5,Vernazza Drive 2 of 5,5416,Vernazza_Drive_2_of_5.html,225,225,1,0,0,0,33.7,45.3
Vernazza Drive,3,5,Vernazza Drive 3 of 5,5415,Vernazza_Drive_3_of_5.html,224,224,1,0,0,0,33.5,45.3
Vernazza Drive,4,5,Vernazza Drive 4 of 5,5417,Vernazza_Drive_4_of_5.html,199,199,1,0,0,0,29.8,44.3
Vernazza Drive,5,5,Vernazza Drive 5 of 5,5418,Vernazza_Drive_5_of_5.html,197,197,1,0,0,0,29.5,44.2
Bingham Court,1,1,Bingham Court,1794,Bingham_Court.html,488,488,1,0,0,0,73.3,56.6
Bingham Street,1,1,Bingham Street,1791,Bingham_Street.html,527,527,1,0,0,0,79.1,58.4
Lydia Court,1,1,Lydia Court,7265,Lydia_Court.html,403,403,1,0,0,0,60.4,52.2
Misty Lane,1,1,Misty Lane,7382,Misty_Lane.html,627,627,1,0,0,0,94.0,62.8
Mitra Street,1,2,Mitra Street 1 of 2,7131 7132 7144,Mitra_Street_1_of_2.html,600,600,1,0,0,0,89.4,60.2
Mocho Street,1,1,Mocho Street,4166 4331 4336,Mocho_Street.html,3168,3168,1,0,0,0,476.0,167.1
Modoc Place,1,1,Modoc Place,3378,Modoc_Place.html,330,330,1,0,0,0,49.3,49.9
Branson Way,1,1,Branson Way,2927 2928 2929,Branson_Way.html,1286,1286,1,0,0,0,192.2,89.6
Rojo Way,1,1,Rojo Way,1497 1512,Rojo_Way.html,2115,2115,1,0,0,0,317.4,128.8
Roma Court,1,1,Roma Court,3362,Roma_Court.html,226,226,1,0,0,0,33.8,45.4
Harding Avenue,1,1,Harding Avenue,6186,Harding_Avenue.html,1338,1338,1,0,0,0,200.2,92.4
Peregrine Way,1,1,Peregrine Way,54,Peregrine_Way.html,2867,2867,1,0,0,0,430.0,161.6
Helen Way,1,1,Helen Way,3258,Helen_Way.html,1790,1790,1,0,0,0,268.2,113.0
Helga Court,1,1,Helga Court,7291,Helga_Court.html,356,356,1,0,0,0,53.3,51.1
Fernbrook Common,1,1,Fernbrook Common,8199,Fernbrook_Common.html,226,226,1,0,0,0,33.7,45.2
Finch Place,1,1,Finch Place,2644 2649,Finch_Place.html,1026,1026,1,0,0,0,154.0,80.7
Roman Eagle Court,1,1,Roman Eagle Court,2583,Roman_Eagle_Court.html,483,483,1,0,0,0,72.3,57.8
Roundhill Place,1,1,Roundhill Place,3788,Roundhill_Place.html,229,229,1,0,0,0,34.2,45.9
Robertson Park Court,1,1,Robertson Park Court,5509,Robertson_Park_Court.html,3039,3039,1,0,0,0,456.7,159.1
Fire Lane,1,5,Fire Lane 1 of 5,6475 5532 6452,Fire_Lane_1_of_5.html,6273,6273,1,3,0,3,1021.7,302.7
Fire Lane,2,5,Fire Lane 2 of 5,6453,Fire_Lane_2_of_5.html,887,887,1,1,0,1,133.1,79.5
Monmouth Court,1,1,Monmouth Court,733,Monmouth_Court.html,1062,1062,1,0,0,0,159.2,81.8
Livorno Street,1,1,Livorno Street,4478 4484,Livorno_Street.html,1184,1184,1,0,0,0,177.1,83.3
Lobelia Court,1,1,Lobelia Court,8087,Lobelia_Court.html,558,558,1,0,0,0,83.4,58.6
Hartford Avenue,2,2,Hartford Avenue 2 of 2,6097 6103,Hartford_Avenue_2_of_2.html,2459,2459,1,0,0,0,369.2,130.7
Harvest Place,1,1,Harvest Place,3763,Harvest_Place.html,488,488,1,0,0,0,72.9,56.6
Fontonett Place,1,1,Fontonett Place,3740,Fontonett_Place.html,339,339,1,0,0,0,50.7,49.7
Rincon Avenue,3,3,Rincon Avenue 3 of 3,4228,Rincon_Avenue_3_of_3.html,204,204,1,0,0,0,30.4,44.5
Rivers Bend Circle,4,4,Rivers Bend Circle 4 of 4,5797,Rivers_Bend_Circle_4_of_4.html,48,48,1,0,0,0,7.0,37.3
Reginald Court,1,1,Reginald Court,4576,Reginald_Court.html,273,273,1,0,0,0,40.7,47.0
Regulus Court,1,1,Regulus Court,3771,Regulus_Court.html,335,335,1,0,0,0,50.0,49.3
Baylor Way,1,1,Baylor Way,6561,Baylor_Way.html,1550,1550,1,0,0,0,232.9,96.1
Belfast Court,1,1,Belfast Court,4636,Belfast_Court.html,643,643,1,0,0,0,96.1,63.4
Bella Vista Place,1,1,Bella Vista Place,5251,Bella_Vista_Place.html,1018,1018,1,0,0,0,152.3,77.4
Balmoral Court,1,1,Balmoral Court,632,Balmoral_Court.html,880,880,1,0,0,0,131.7,73.9
Lyra Court,1,1,Lyra Court,5959,Lyra_Court.html,667,667,1,0,0,0,99.7,63.3
Mojave Avenue,1,1,Mojave Avenue,3935,Mojave_Avenue.html,1986,1986,1,0,0,0,298.2,122.7
Mollie Court,1,1,Mollie Court,8054,Mollie_Court.html,326,326,1,0,0,0,48.8,49.5
First Street,4,5,First Street 4 of 5,4711,First_Street_4_of_5.html,414,414,1,0,0,0,62.0,53.4
Robin Common,3,4,Robin Common 3 of 4,6677,Robin_Common_3_of_4.html,162,162,1,0,0,0,24.2,42.7
Mimosa Court,1,1,Mimosa Court,8089,Mimosa_Court.html,196,196,1,0,0,0,29.3,43.8
Minerva Court,2,2,Minerva Court 2 of 2,5339,Minerva_Court_2_of_2.html,283,283,1,0,0,0,42.4,47.4
Rhododendron Court,1,1,Rhododendron Court,6126,Rhododendron_Court.html,245,245,1,0,0,0,36.6,46.3
Florida Court,1,1,Florida Court,6194,Florida_Court.html,909,909,1,0,0,0,136.4,73.2
Hercules Court,1,1,Hercules Court,5967,Hercules_Court.html,590,590,1,0,0,0,88.2,59.1
Hermitage Court,1,1,Hermitage Court,8135,Hermitage_Court.html,136,136,1,0,0,0,20.2,41.1
High Castle Court,1,1,High Castle Court,5277,High_Castle_Court.html,236,236,1,0,0,0,35.3,46.2
Rachelle Street,1,1,Rachelle Street,7216,Rachelle_Street.html,859,859,1,0,0,0,128.5,70.5
Radcliffe Road,1,1,Radcliffe Road,6208,Radcliffe_Road.html,446,446,1,0,0,0,66.6,54.5
Mira Loma Street,1,1,Mira Loma Street,8110 8111,Mira_Loma_Street.html,1175,1175,1,0,0,0,175.6,83.2
Miranda Way,1,1,Miranda Way,4363 4420,Miranda_Way.html,2280,2280,1,0,0,0,342.4,132.1
Lorren Way,1,1,Lorren Way,3232 3257 3923 3927,Lorren_Way.html,2199,2199,1,0,0,0,330.1,130.6
Barcelona Street,1,1,Barcelona Street,4408 4409,Barcelona_Street.html,1608,1608,1,0,0,0,240.6,101.4
Walker Place,1,1,Walker Place,5205,Walker_Place.html,671,671,1,0,0,0,100.4,64.7
Bentley Place,1,1,Bentley Place,5630,Bentley_Place.html,211,211,1,0,0,0,31.4,44.6
Berlin Way,1,1,Berlin Way,4584 4586 4591 4635,Berlin_Way.html,2284,2284,1,1,0,1,342.2,139.1
Autumn Leaf Common,1,1,Autumn Leaf Common,7931,Autumn_Leaf_Common.html,278,278,1,0,0,0,41.7,47.1
Avenida de Las Palmas,2,4,Avenida de Las Palmas 2 of 4,3235 3236 3243,Avenida_de_Las_Palmas_2_of_4.html,1076,1076,1,0,0,0,160.6,81.9
Avenida de Las Palmas,3,4,Avenida de Las Palmas 3 of 4,3250 3267,Avenida_de_Las_Palmas_3_of_4.html,669,669,1,0,0,0,100.1,64.3
Galaxy Court,1,1,Galaxy Court,6017,Galaxy_Court.html,461,461,1,0,0,0,69.2,55.7
Ganesha Common,1,1,Ganesha Common,5610,Ganesha_Common.html,540,540,1,0,0,0,80.8,58.9
Red Feather Drive,1,1,Red Feather Drive,2328 2329,Red_Feather_Drive.html,987,987,1,0,0,0,147.8,79.4
Fox Creek Court,1,1,Fox Creek Court,7864,Fox_Creek_Court.html,564,564,1,0,0,0,84.3,58.3
Foxtail Drive,1,1,Foxtail Drive,7789,Foxtail_Drive.html,713,713,1,0,0,0,107.1,65.0
Frankfurt Way,1,1,Frankfurt Way,5244 5247 5248,Frankfurt_Way.html,3043,3043,1,0,0,0,455.2,167.0
Glenwood Court,1,1,Glenwood Court,4297,Glenwood_Court.html,246,246,1,0,0,0,36.7,46.4
Glenwood Street,1,1,Glenwood Street,4298 4723,Glenwood_Street.html,888,888,1,0,0,0,133.2,74.1
Wayland Loop,1,2,Wayland Loop 1 of 2,3259 3283,Wayland_Loop_1_of_2.html,2314,2314,1,0,0,0,346.9,136.9
Asbury Court,1,1,Asbury Court,3368,Asbury_Court.html,289,289,1,0,0,0,43.1,47.2
Asti Court,1,1,Asti Court,4637,Asti_Court.html,787,787,1,0,0,0,117.7,69.1
Maple Street,2,3,Maple Street 2 of 3,5487,Maple_Street_2_of_3.html,279,279,1,0,0,0,41.7,47.8
Michell Street,1,1,Michell Street,5581 5582 5583 5594,Michell_Street.html,1862,1862,1,0,0,0,278.4,113.1
Alburni Court,1,1,Alburni Court,2752,Alburni_Court.html,316,316,1,0,0,0,47.1,49.6
Agate Court,1,1,Agate Court,3645,Agate_Court.html,195,195,1,0,0,0,29.1,44.0
Andrea Court,1,1,Andrea Court,6851,Andrea_Court.html,627,627,1,0,0,0,94.0,62.6
Agatha Court,1,1,Agatha Court,7071,Agatha_Court.html,135,135,1,0,0,0,20.2,41.5
Algonquin Avenue,1,1,Algonquin Avenue,4100 4101 4109 4110,Algonquin_Avenue.html,1645,1645,1,0,0,0,245.7,100.6
Altamont Pass Road,1,1,Altamont Pass Road,7644 7647 7648 7657 7726 7728 7729 7730 7731 7733 7734 7817,Altamont_Pass_Road.html,36308,36308,1,4,0,4,5447.6,1586.7
Alviso Place,1,1,Alviso Place,4272 4278,Alviso_Place.html,895,895,1,0,0,0,134.0,74.5
Marigold Court,1,1,Marigold Court,6009,Marigold_Court.html,202,202,1,0,0,0,30.2,44.5
Melanie Court,1,1,Melanie Court,7313,Melanie_Court.html,94,94,1,0,0,0,13.9,39.6
Poplar Court,1,1,Poplar Court,6333,Poplar_Court.html,426,426,1,0,0,0,63.6,54.4
Poppy Way,1,1,Poppy Way,6137 6138,Poppy_Way.html,461,461,1,0,0,0,69.0,55.7
Gresham Court,1,1,Gresham Court,1062 1063,Gresham_Court.html,371,371,1,0,0,0,55.3,52.2
Guilford Place,1,1,Guilford Place,6732,Guilford_Place.html,412,412,1,0,0,0,61.8,52.4
Preston Court,1,1,Preston Court,6811 6812,Preston_Court.html,696,696,1,1,0,1,103.9,72.2
Arroyo Road,4,4,Arroyo Road 4 of 4,5192 5307,Arroyo_Road_4_of_4.html,1088,1088,1,0,0,0,415.8,80.8
Weymouth Court,1,1,Weymouth Court,988 989,Weymouth_Court.html,1240,1240,1,0,0,0,185.5,90.3
Alberta Way,1,1,Alberta Way,6711,Alberta_Way.html,563,563,1,0,0,0,84.5,57.8
Almanor Court,1,1,Almanor Court,5193,Almanor_Court.html,719,719,1,0,0,0,107.5,65.4
Portola Common,2,8,Portola Common 2 of 8,6404,Portola_Common_2_of_8.html,569,569,1,0,0,0,85.3,60.4
Portola Common,4,8,Portola Common 4 of 8,6369,Portola_Common_4_of_8.html,287,287,1,0,0,0,43.0,48.1
Portola Common,5,8,Portola Common 5 of 8,6399,Portola_Common_5_of_8.html,212,212,1,1,1,0,31.6,51.3
Portola Common,6,8,Portola Common 6 of 8,6366,Portola_Common_6_of_8.html,62,62,1,0,0,0,9.2,38.1
Portola Common,7,8,Portola Common 7 of 8,6367,Portola_Common_7_of_8.html,59,59,1,0,0,0,8.8,38.0
Wimbledon Lane,1,1,Wimbledon Lane,5859,Wimbledon_Lane.html,2287,2287,1,0,0,0,342.7,138.5
Mars Road,1,1,Mars Road,4428 4430 4452,Mars_Road.html,3125,3125,1,0,0,0,467.9,168.9
Martingale Court,1,1,Martingale Court,8127,Martingale_Court.html,533,533,1,0,0,0,80.0,58.2
Mayview Way,1,1,Mayview Way,3851,Mayview_Way.html,3272,3272,1,0,0,0,491.0,177.9
McKinney Lane,1,1,McKinney Lane,2296,McKinney_Lane.html,237,237,1,0,0,0,35.5,46.2
Manzano Court,1,1,Manzano Court,2767,Manzano_Court.html,290,290,1,0,0,0,43.4,48.7
Amber Way,1,1,Amber Way,3467 3470 3483 3497 3513,Amber_Way.html,2662,2662,1,0,0,0,399.5,145.3
Yukon Place,1,1,Yukon Place,3586,Yukon_Place.html,416,416,1,0,0,0,62.1,52.7
Yosemite Place,1,1,Yosemite Place,3418,Yosemite_Place.html,318,318,1,0,0,0,47.7,49.4
